home_rank,away_rank,home_goals,away_goals,result
137,1,0,1,2
83,16,2,1,1
105,99,2,0,1
165,124,2,1,1
39,110,4,0,1
132,86,1,3,2
185,53,0,2,2
82,30,3,1,1
87,33,2,2,0
187,39,0,5,2
116,99,0,2,2
141,175,1,0,1
175,38,0,5,2
57,12,1,0,1
140,112,1,0,1
105,33,0,7,2
135,59,0,1,2
45,177,0,0,0
72,187,7,0,1
110,181,4,0,1
68,31,2,1,1
60,66,0,1,2
101,39,0,5,2
22,150,3,0,1
179,132,0,1,2
190,13,0,2,2
169,63,0,3,2
65,196,2,0,1
187,196,2,2,0
55,191,5,0,1
12,187,5,0,1
112,46,1,1,0
55,4,0,3,2
161,156,0,1,2
71,193,0,0,0
144,33,0,4,2
94,71,1,2,2
41,80,3,2,1
143,137,2,0,1
122,1,0,6,2
106,174,2,0,1
178,131,1,1,0
100,72,1,1,0
87,28,0,1,2
185,42,0,4,2
7,106,6,0,1
159,112,0,6,2
154,33,0,5,2
198,55,0,2,2
65,83,0,0,0
174,65,0,1,2
193,36,0,3,2
28,72,1,0,1
179,126,0,1,2
63,182,0,0,0
26,145,6,0,1
191,130,0,1,2
6,178,2,0,1
196,36,0,5,2
157,167,2,2,0
150,149,1,2,2
33,119,1,0,1
109,151,4,1,1
70,126,1,0,1
51,87,1,1,0
95,117,3,0,1
159,41,1,4,2
75,49,2,1,1
18,26,3,0,1
16,177,2,0,1
126,78,1,0,1
194,111,0,5,2
128,92,3,2,1
31,14,1,3,2
128,101,0,1,2
49,119,3,0,1
14,194,8,0,1
72,69,4,2,1
81,1,0,3,2
80,107,4,0,1
32,92,2,0,1
96,162,3,0,1
134,193,6,0,1
106,28,1,2,2
168,151,1,0,1
50,8,1,3,2
131,35,0,4,2
97,61,1,0,1
68,48,1,2,2
55,71,2,1,1
120,92,2,2,0
183,138,1,1,0
103,85,0,0,0
48,153,5,0,1
82,72,2,3,2
40,75,5,1,1
120,136,1,1,0
185,70,0,3,2
95,52,1,1,0
50,44,0,0,0
98,52,2,1,1
185,162,1,1,0
91,148,5,2,1
53,164,1,0,1
162,12,0,3,2
70,122,0,0,0
153,84,1,2,2
188,198,5,0,1
167,100,2,2,0
45,60,1,0,1
35,20,1,1,0
40,149,5,0,1
185,104,0,1,2
169,64,0,2,2
34,12,1,2,2
138,4,0,5,2
33,81,3,0,1
81,65,2,1,1
145,32,0,1,2
37,163,4,0,1
91,98,4,0,1
196,83,0,2,2
64,69,2,0,1
125,195,4,0,1
124,186,2,0,1
113,148,4,1,1
32,123,5,1,1
138,134,2,0,1
21,121,2,0,1
83,87,1,1,0
60,120,2,0,1
20,121,4,0,1
63,198,3,0,1
30,37,4,1,1
183,115,0,1,2
39,165,4,0,1
74,77,2,0,1
126,23,0,4,2
158,184,2,0,1
164,94,0,3,2
108,188,3,0,1
115,89,1,1,0
89,171,5,0,1
69,31,0,3,2
199,101,0,3,2
107,184,3,0,1
194,185,1,0,1
150,66,0,2,2
19,165,3,0,1
153,137,1,1,0
121,114,1,0,1
180,129,2,1,1
139,133,3,1,1
119,122,1,1,0
94,76,2,0,1
159,199,5,1,1
27,103,3,0,1
177,119,1,3,2
188,5,0,2,2
17,8,1,1,0
142,19,0,6,2
4,116,2,0,1
7,148,4,0,1
132,115,2,1,1
156,150,1,1,0
152,12,0,4,2
150,2,1,6,2
84,23,3,1,1
77,90,3,1,1
44,82,3,1,1
30,92,2,0,1
76,132,3,0,1
105,55,4,2,1
45,56,0,3,2
64,75,2,0,1
85,4,0,3,2
53,29,1,1,0
2,32,2,1,1
154,174,1,1,0
143,170,2,1,1
157,105,0,0,0
135,7,0,4,2
127,170,4,1,1
167,169,3,1,1
53,55,2,0,1
67,30,1,1,0
177,1,0,7,2
155,190,5,0,1
179,184,1,3,2
66,190,3,0,1
129,169,3,0,1
51,20,1,1,0
82,12,0,5,2
190,73,0,4,2
151,39,0,0,0
98,175,4,0,1
170,88,0,4,2
85,95,1,1,0
184,76,0,2,2
89,8,0,4,2
78,15,1,1,0
31,59,5,1,1
193,176,2,0,1
163,14,0,4,2
24,182,5,0,1
137,80,0,2,2
117,143,2,1,1
162,118,2,3,2
197,186,1,2,2
149,111,1,1,0
156,6,0,3,2
123,145,1,0,1
27,10,3,0,1
5,119,4,0,1
40,2,0,0,0
139,45,0,3,2
181,141,2,1,1
18,122,3,0,1
51,24,1,0,1
118,121,1,0,1
182,123,0,1,2
32,29,0,0,0
59,174,4,0,1
73,13,1,1,0
24,58,1,0,1
63,151,2,0,1
117,156,3,0,1
36,190,2,0,1
197,101,1,2,2
133,105,2,3,2
4,49,7,0,1
48,133,6,0,1
159,137,2,0,1
92,114,1,2,2
41,198,6,0,1
151,116,1,1,0
34,190,4,0,1
48,152,6,0,1
3,38,0,0,0
157,99,3,0,1
90,178,1,0,1
92,47,0,1,2
100,13,0,2,2
77,141,4,0,1
173,199,1,1,0
187,20,0,5,2
152,159,1,2,2
89,74,2,1,1
51,21,0,0,0
77,139,5,0,1
135,183,2,0,1
61,114,1,0,1
100,7,0,2,2
93,183,4,1,1
124,76,1,2,2
49,161,3,0,1
185,103,0,1,2
138,49,0,4,2
111,133,3,0,1
182,139,3,2,1
47,25,2,0,1
46,57,0,0,0
181,93,0,4,2
33,111,3,0,1
70,123,2,0,1
144,72,0,1,2
177,27,0,0,0
132,180,2,0,1
88,33,1,0,1
164,192,2,0,1
93,183,2,0,1
140,60,0,4,2
180,194,1,0,1
100,17,0,4,2
102,19,0,2,2
13,136,1,0,1
23,114,3,0,1
195,199,2,3,2
165,49,0,1,2
184,193,0,1,2
125,76,0,4,2
150,81,0,5,2
93,189,3,0,1
171,52,0,6,2
163,171,2,3,2
190,87,0,2,2
36,130,1,0,1
14,117,6,0,1
3,176,6,0,1
121,96,0,0,0
32,53,6,0,1
158,170,2,1,1
116,42,0,4,2
4,181,6,0,1
107,23,1,4,2
170,195,1,1,0
178,200,2,0,1
165,45,0,1,2
195,37,0,3,2
178,132,1,1,0
167,82,1,3,2
152,32,1,8,2
33,166,3,0,1
143,41,1,2,2
67,14,1,1,0
166,12,0,3,2
58,102,1,0,1
196,125,0,1,2
16,175,4,0,1
167,169,2,3,2
63,106,2,0,1
24,69,1,0,1
165,154,1,0,1
23,86,4,0,1
181,168,2,1,1
108,121,3,0,1
85,73,1,1,0
25,110,4,0,1
3,103,2,0,1
133,187,6,1,1
128,85,0,2,2
51,198,7,1,1
21,6,3,2,1
171,30,1,7,2
91,27,1,3,2
177,101,0,2,2
170,182,1,1,0
50,6,1,2,2
139,153,1,0,1
141,177,1,0,1
69,121,2,0,1
16,68,2,0,1
199,139,1,2,2
20,47,2,2,0
86,182,4,0,1
15,122,4,1,1
73,176,0,1,2
73,87,0,1,2
25,189,3,0,1
168,173,1,0,1
98,100,4,0,1
160,27,0,3,2
63,47,1,3,2
34,10,0,2,2
88,29,0,2,2
6,95,2,0,1
114,42,1,1,0
117,54,1,1,0
100,97,1,2,2
1,149,4,0,1
89,31,0,0,0
152,174,2,0,1
34,119,5,0,1
117,172,0,0,0
135,154,4,1,1
118,55,0,3,2
27,78,5,0,1
163,67,0,2,2
47,143,4,0,1
19,16,2,2,0
40,52,1,3,2
59,187,0,0,0
80,199,4,0,1
58,120,1,0,1
70,60,0,2,2
104,12,1,0,1
43,196,2,0,1
165,71,0,2,2
150,90,0,0,0
2,170,5,0,1
58,145,1,0,1
151,58,0,1,2
169,79,0,2,2
95,131,2,1,1
159,72,0,3,2
40,191,6,0,1
110,74,4,1,1
67,45,0,2,2
109,196,4,0,1
99,186,4,1,1
180,130,1,2,2
114,16,0,4,2
151,167,0,0,0
41,141,8,0,1
175,125,1,2,2
45,123,6,0,1
41,32,3,1,1
130,120,1,2,2
177,140,0,2,2
163,119,0,1,2
155,80,0,2,2
36,155,5,1,1
195,149,1,3,2
153,57,0,3,2
118,156,1,0,1
14,192,7,0,1
119,74,0,1,2
199,193,3,3,0
175,117,1,1,0
42,96,3,0,1
189,62,0,2,2
95,174,4,0,1
180,124,0,2,2
110,176,2,1,1
114,21,2,2,0
126,193,4,0,1
120,9,0,4,2
101,97,2,0,1
94,22,3,6,2
47,67,0,0,0
99,5,0,5,2
78,187,3,0,1
69,67,5,1,1
1,128,4,0,1
52,61,1,3,2
157,196,2,0,1
50,78,4,0,1
86,165,3,0,1
182,6,0,9,2
40,197,3,0,1
141,50,0,2,2
166,107,0,2,2
175,72,0,0,0
80,65,1,2,2
16,126,3,0,1
17,130,7,0,1
147,137,2,0,1
2,33,1,0,1
35,22,1,2,2
137,150,0,0,0
37,39,2,3,2
140,157,0,2,2
90,99,1,0,1
64,32,1,3,2
65,58,4,0,1
181,138,1,2,2
120,13,0,3,2
27,134,2,0,1
161,2,0,2,2
53,78,3,1,1
68,48,1,3,2
94,127,3,1,1
103,94,0,1,2
22,97,4,0,1
164,1,0,4,2
156,130,1,0,1
198,118,1,3,2
98,76,0,2,2
4,197,6,0,1
25,15,2,0,1
9,200,9,0,1
169,105,0,2,2
114,142,1,1,0
42,11,0,0,0
140,181,2,0,1
48,29,4,1,1
60,113,0,0,0
92,100,4,0,1
155,155,3,4,2
171,57,0,5,2
10,176,3,0,1
57,122,3,0,1
105,28,0,2,2
160,175,3,1,1
25,193,4,0,1
77,54,3,0,1
87,50,0,2,2
114,55,0,0,0
95,173,2,1,1
103,153,4,1,1
94,108,1,0,1
67,107,2,0,1
115,29,0,3,2
186,176,1,1,0
74,50,1,2,2
25,105,2,0,1
78,4,1,5,2
186,49,0,1,2
100,174,2,0,1
23,113,3,0,1
46,40,2,2,0
197,151,2,1,1
105,61,2,2,0
76,195,6,0,1
8,136,0,0,0
119,137,0,1,2
133,59,1,0,1
54,18,0,4,2
162,67,0,1,2
56,122,3,0,1
57,166,4,0,1
166,178,0,0,0
106,13,1,3,2
100,55,2,2,0
86,131,1,0,1
35,132,2,0,1
88,125,0,0,0
180,181,1,1,0
157,71,0,1,2
19,165,3,0,1
21,110,1,0,1
80,80,4,1,1
84,192,5,0,1
29,124,2,0,1
139,150,1,1,0
188,53,0,2,2
33,132,5,0,1
97,79,0,2,2
83,180,0,0,0
154,159,3,1,1
22,121,3,0,1
145,148,3,1,1
19,153,2,0,1
98,37,2,4,2
31,65,0,0,0
156,14,1,7,2
174,175,1,3,2
177,104,2,1,1
180,64,0,1,2
31,11,2,0,1
150,154,1,1,0
62,157,3,0,1
173,176,3,1,1
15,99,7,0,1
158,152,2,3,2
30,191,3,0,1
81,54,0,0,0
77,144,1,0,1
94,118,0,0,0
189,52,0,2,2
164,80,0,4,2
30,179,2,0,1
178,180,2,0,1
143,58,2,2,0
193,166,1,1,0
114,56,1,1,0
15,81,2,0,1
47,79,4,1,1
182,154,1,2,2
182,182,1,1,0
85,55,1,2,2
38,131,2,0,1
103,165,0,0,0
171,172,3,4,2
57,28,2,1,1
147,5,0,4,2
21,154,5,0,1
148,19,0,2,2
77,175,4,0,1
148,87,0,3,2
176,197,0,1,2
94,42,1,4,2
175,175,2,0,1
35,79,0,0,0
137,132,2,1,1
174,95,1,1,0
94,30,1,3,2
44,139,6,0,1
149,113,0,1,2
33,78,4,0,1
59,174,3,0,1
146,105,2,3,2
141,134,1,2,2
197,178,2,3,2
145,49,0,2,2
57,11,0,2,2
102,75,0,1,2
153,71,0,2,2
4,62,2,0,1
164,114,1,1,0
154,7,0,5,2
129,198,4,0,1
21,133,2,0,1
118,74,0,5,2
69,117,3,1,1
92,150,3,0,1
152,55,0,4,2
38,185,7,0,1
154,69,0,0,0
150,143,2,3,2
5,25,1,0,1
88,162,4,1,1
34,64,1,0,1
34,42,4,2,1
21,102,4,0,1
199,33,0,3,2
115,17,0,6,2
64,101,1,0,1
84,98,2,1,1
2,92,2,0,1
182,145,1,1,0
44,168,3,1,1
59,18,0,2,2
50,34,1,0,1
199,48,0,2,2
144,142,2,1,1
190,136,1,2,2
98,22,0,6,2
187,198,1,3,2
16,86,5,0,1
124,135,3,1,1
166,84,0,4,2
125,31,0,2,2
52,142,4,1,1
182,158,1,0,1
193,2,0,2,2
131,26,0,2,2
129,50,1,3,2
190,41,1,2,2
75,107,2,0,1
93,93,1,1,0
199,147,1,2,2
76,134,3,0,1
130,188,2,0,1
3,118,3,0,1
87,136,3,1,1
78,14,1,6,2
35,153,8,0,1
9,40,4,3,1
39,172,5,0,1
27,16,1,0,1
199,71,0,4,2
140,199,2,0,1
127,198,0,1,2
130,112,3,1,1
72,16,1,4,2
28,142,7,0,1
2,8,0,2,2
94,59,2,1,1
147,106,0,2,2
99,120,1,0,1
7,61,6,0,1
81,73,0,6,2
69,79,0,0,0
119,161,2,1,1
179,98,1,2,2
91,35,0,4,2
171,187,1,0,1
110,182,2,0,1
119,17,0,1,2
90,198,3,0,1
115,94,1,0,1
67,9,0,3,2
125,47,0,2,2
143,60,0,3,2
180,125,1,1,0
56,99,3,1,1
112,33,0,1,2
95,9,0,0,0
14,64,4,0,1
76,44,0,1,2
15,195,4,0,1
5,24,1,1,0
101,171,2,0,1
32,5,1,3,2
66,141,3,0,1
175,161,1,0,1
32,35,0,0,0
196,150,1,4,2
24,8,2,1,1
11,28,3,1,1
104,142,2,0,1
20,197,5,0,1
80,121,0,0,0
132,172,1,0,1
45,101,1,0,1
72,4,0,2,2
166,97,0,2,2
169,64,0,4,2
5,99,6,0,1
157,162,2,0,1
181,184,1,2,2
172,134,3,1,1
38,119,4,0,1
29,20,1,0,1
124,145,0,0,0
64,140,4,1,1
195,69,0,2,2
178,141,0,1,2
9,109,6,0,1
26,98,3,0,1
111,145,1,1,0
97,97,1,1,0
129,68,2,1,1
35,72,3,0,1
71,88,1,0,1
157,34,0,3,2
5,191,6,0,1
178,67,0,3,2
110,7,1,2,2
87,38,2,1,1
93,127,1,0,1
140,194,3,0,1
47,151,2,0,1
12,86,3,1,1
23,23,3,0,1
26,85,2,0,1
27,12,2,0,1
131,134,1,0,1
142,28,1,2,2
150,122,2,2,0
198,150,1,2,2
107,190,1,0,1
70,61,3,1,1
149,44,0,1,2
156,177,2,0,1
162,145,3,1,1
72,189,9,0,1
177,188,1,2,2
58,9,1,2,2
182,7,0,4,2
87,127,3,0,1
159,179,3,1,1
51,40,1,1,0
90,8,0,4,2
70,102,0,1,2
20,94,3,0,1
28,102,2,0,1
184,121,0,2,2
188,118,0,0,0
114,131,2,2,0
78,117,1,1,0
55,121,1,0,1
5,170,4,0,1
178,32,0,5,2
191,63,0,4,2
195,21,0,4,2
39,92,3,0,1
132,179,5,0,1
84,74,2,1,1
56,48,5,1,1
52,198,5,0,1
189,161,1,0,1
48,23,1,0,1
33,193,7,0,1
100,81,0,0,0
97,183,5,0,1
125,20,1,8,2
111,126,2,0,1
188,57,0,4,2
180,110,0,1,2
95,115,0,0,0
122,18,0,2,2
62,187,2,0,1
66,4,0,0,0
146,158,2,1,1
113,107,2,0,1
167,158,2,1,1
117,44,0,2,2
79,168,2,0,1
99,118,3,0,1
93,65,0,3,2
68,39,0,1,2
150,128,1,4,2
142,14,0,3,2
33,41,1,1,0
78,21,0,1,2
105,160,4,0,1
120,45,1,1,0
41,87,3,2,1
186,77,0,6,2
67,153,5,0,1
180,181,1,0,1
18,178,3,0,1
79,148,1,0,1
92,170,1,0,1
76,200,2,0,1
192,170,1,3,2
113,163,3,0,1
10,70,0,0,0
47,168,4,0,1
157,175,2,1,1
129,122,1,1,0
172,8,0,2,2
58,9,3,4,2
58,64,2,0,1
32,1,0,2,2
101,94,2,2,0
29,31,1,1,0
41,117,0,0,0
105,173,6,0,1
14,52,4,1,1
93,110,4,0,1
191,12,0,4,2
74,120,2,0,1
93,43,0,3,2
52,50,2,2,0
28,21,3,0,1
21,40,1,0,1
34,19,2,3,2
119,110,3,0,1
91,122,4,0,1
195,62,0,1,2
140,70,1,1,0
162,127,1,1,0
53,171,5,0,1
14,46,4,1,1
107,88,2,1,1
29,144,3,0,1
29,113,1,0,1
49,156,5,0,1
87,178,0,1,2
171,180,3,2,1
88,115,4,1,1
193,162,1,2,2
148,11,0,3,2
178,131,1,1,0
67,27,1,3,2
158,9,0,1,2
60,34,2,0,1
24,70,4,0,1
12,75,1,0,1
178,13,0,7,2
94,76,2,2,0
112,118,2,1,1
28,196,1,0,1
10,67,3,0,1
154,137,0,2,2
195,155,0,2,2
191,66,0,4,2
157,51,0,0,0
143,47,0,2,2
40,97,5,0,1
177,111,0,2,2
118,200,4,1,1
85,39,0,1,2
125,109,0,1,2
145,98,1,3,2
45,195,7,0,1
162,161,3,1,1
36,117,2,0,1
142,71,0,4,2
56,5,2,1,1
45,125,2,1,1
42,93,4,0,1
95,123,4,0,1
47,10,1,2,2
49,88,2,1,1
42,85,6,0,1
29,80,2,1,1
116,131,2,1,1
100,74,0,2,2
12,136,7,0,1
86,84,2,1,1
123,65,1,2,2
165,112,0,1,2
11,50,1,1,0
33,39,3,0,1
115,166,4,0,1
51,155,3,0,1
35,63,1,0,1
98,77,1,0,1
129,193,1,1,0
114,90,0,3,2
67,194,2,0,1
170,95,1,3,2
186,122,0,3,2
20,77,1,0,1
22,143,3,0,1
142,129,2,2,0
54,84,1,0,1
161,19,0,4,2
38,186,9,0,1
52,6,0,5,2
174,11,0,7,2
12,188,2,0,1
103,162,2,0,1
185,131,1,2,2
71,54,1,2,2
97,4,0,0,0
132,195,2,0,1
151,143,1,1,0
183,27,0,1,2
77,26,1,1,0
32,49,2,1,1
21,27,2,1,1
115,157,2,0,1
102,90,1,0,1
105,189,4,1,1
195,108,0,2,2
154,175,1,0,1
15,159,4,0,1
119,38,0,1,2
55,28,0,4,2
22,183,5,0,1
21,72,5,0,1
142,110,2,0,1
70,11,1,2,2
150,72,0,2,2
153,67,0,2,2
52,127,2,0,1
86,145,4,0,1
176,31,0,2,2
48,84,2,2,0
166,24,0,5,2
137,10,0,3,2
127,127,1,1,0
82,119,1,2,2
172,8,0,4,2
127,131,2,2,0
125,195,4,0,1
28,12,1,1,0
56,164,3,0,1
156,149,3,2,1
18,11,1,0,1
164,115,0,0,0
26,46,0,0,0
89,110,3,0,1
188,25,0,6,2
167,157,1,1,0
27,189,2,0,1
40,141,5,0,1
6,182,3,1,1
175,112,0,0,0
169,70,0,0,0
177,43,0,2,2
24,150,2,0,1
181,173,2,1,1
31,63,7,0,1
67,183,2,0,1
187,106,0,2,2
150,61,0,8,2
145,123,0,3,2
111,136,1,1,0
68,85,2,3,2
149,148,0,1,2
94,81,0,0,0
19,68,3,0,1
128,115,2,4,2
110,70,2,2,0
57,137,3,1,1
54,20,1,2,2
27,112,3,0,1
61,137,2,0,1
154,96,3,3,0
151,141,1,0,1
33,129,3,0,1
195,51,0,6,2
114,126,3,0,1
62,123,3,2,1
183,129,1,3,2
96,72,0,0,0
157,2,1,4,2
159,144,1,1,0
131,42,1,4,2
192,159,3,2,1
64,160,2,1,1
133,128,3,1,1
193,91,0,1,2
60,127,2,0,1
92,49,2,0,1
97,126,0,0,0
68,153,2,1,1
187,20,0,4,2
62,114,0,1,2
86,91,2,3,2
21,133,1,0,1
11,101,1,0,1
125,18,0,0,0
96,129,3,0,1
93,193,8,0,1
67,82,3,1,1
46,27,1,1,0
157,198,2,0,1
168,8,0,4,2
133,177,3,2,1
165,30,1,1,0
93,132,2,1,1
3,170,4,0,1
169,34,0,2,2
115,45,1,1,0
84,42,0,2,2
160,22,0,7,2
133,65,0,5,2
20,177,3,0,1
113,5,1,2,2
26,119,3,0,1
99,120,2,3,2
45,67,2,1,1
17,115,4,1,1
61,23,0,3,2
80,46,1,2,2
86,91,3,1,1
169,127,1,3,2
73,95,0,0,0
118,51,1,0,1
82,22,0,0,0
21,36,1,0,1
186,6,0,5,2
65,182,6,0,1
6,156,4,0,1
103,81,1,2,2
54,136,3,0,1
55,74,0,1,2
80,174,2,0,1
183,69,0,2,2
93,87,2,2,0
141,76,0,2,2
134,154,0,0,0
48,24,0,3,2
93,9,0,2,2
144,184,3,0,1
143,190,1,1,0
55,169,1,1,0
129,99,1,0,1
191,59,0,3,2
15,88,2,0,1
98,32,0,2,2
120,73,1,1,0
162,188,0,0,0
106,5,0,2,2
81,92,0,2,2
138,139,4,1,1
200,114,0,1,2
77,41,0,3,2
1,101,3,0,1
139,122,0,1,2
80,21,0,2,2
55,187,6,1,1
157,69,0,4,2
130,188,1,0,1
6,197,7,1,1
158,72,0,0,0
195,103,0,2,2
117,158,4,0,1
68,51,2,1,1
106,72,2,2,0
31,172,5,0,1
199,169,1,1,0
142,108,0,2,2
156,74,0,1,2
169,158,1,1,0
56,53,0,2,2
111,174,3,0,1
7,130,1,0,1
189,86,0,2,2
2,102,4,1,1
103,70,0,2,2
81,125,6,0,1
17,143,2,0,1
47,63,3,1,1
183,178,1,1,0
171,75,0,1,2
111,76,1,3,2
68,23,1,2,2
180,154,2,0,1
5,64,3,0,1
76,1,1,2,2
186,185,1,0,1
112,62,1,3,2
154,86,2,2,0
145,135,0,1,2
78,165,4,0,1
100,26,0,5,2
111,121,1,3,2
64,8,0,2,2
22,125,1,0,1
192,152,0,2,2
14,102,4,0,1
185,115,0,2,2
6,163,3,0,1
8,133,2,0,1
169,118,1,2,2
172,146,2,2,0
16,195,2,0,1
192,165,2,1,1
183,24,0,1,2
133,101,1,2,2
76,8,0,2,2
76,51,0,1,2
96,152,4,0,1
186,35,1,4,2
14,141,3,0,1
83,8,1,2,2
3,1,2,2,0
149,67,0,2,2
89,62,0,2,2
138,1,0,6,2
24,48,0,1,2
113,20,1,4,2
77,21,0,4,2
63,174,2,0,1
121,198,2,0,1
122,176,0,1,2
113,47,0,1,2
97,157,4,0,1
7,58,0,2,2
94,98,2,0,1
57,30,1,0,1
73,27,1,3,2
115,104,0,2,2
25,85,5,0,1
53,92,2,0,1
57,129,2,0,1
79,164,7,0,1
75,79,0,4,2
17,45,4,0,1
129,111,0,2,2
6,200,4,0,1
92,103,1,1,0
90,24,1,3,2
167,111,0,1,2
150,133,1,1,0
120,55,1,1,0
27,115,6,0,1
127,88,1,0,1
128,42,0,0,0
117,135,0,0,0
89,74,1,2,2
89,167,4,0,1
58,105,6,0,1
79,195,5,0,1
137,40,0,6,2
157,101,0,3,2
146,163,3,0,1
51,81,2,1,1
37,40,0,2,2
98,21,1,3,2
120,99,1,1,0
178,54,0,3,2
198,64,1,1,0
40,38,0,2,2
91,78,2,4,2
167,96,0,2,2
81,186,2,1,1
70,86,0,0,0
54,114,3,0,1
51,191,1,0,1
33,158,1,0,1
131,171,1,0,1
111,113,1,1,0
104,40,0,3,2
147,79,2,2,0
143,63,0,1,2
63,51,0,0,0
1,24,3,3,0
12,85,1,0,1
171,102,0,6,2
51,19,3,1,1
115,37,0,3,2
56,29,1,3,2
165,173,4,1,1
136,129,1,2,2
82,7,0,2,2
115,46,0,1,2
6,29,2,1,1
47,50,3,0,1
1,167,4,0,1
6,129,1,0,1
36,41,3,4,2
4,121,3,0,1
47,188,3,0,1
45,26,0,2,2
157,132,1,1,0
8,132,2,0,1
91,18,0,4,2
133,101,3,2,1
181,107,0,2,2
170,1,0,3,2
19,169,4,0,1
165,130,3,5,2
145,162,2,2,0
105,170,0,1,2
121,83,1,2,2
159,22,0,4,2
36,55,5,1,1
192,60,0,1,2
22,151,3,1,1
123,182,2,0,1
166,104,0,2,2
12,5,1,2,2
138,70,0,3,2
72,32,3,0,1
108,79,0,2,2
81,72,0,2,2
93,144,3,1,1
75,62,3,1,1
133,75,1,0,1
43,99,3,1,1
36,107,1,0,1
150,122,0,2,2
25,35,3,2,1
51,63,2,0,1
47,198,1,0,1
136,152,2,0,1
138,159,0,0,0
141,1,1,0,1
146,114,2,0,1
14,17,0,2,2
135,40,0,1,2
85,5,0,2,2
119,151,1,2,2
87,127,3,0,1
90,139,3,1,1
52,12,2,0,1
103,76,0,2,2
30,187,5,0,1
95,24,1,2,2
52,81,3,0,1
14,30,2,1,1
2,176,9,0,1
187,130,0,4,2
162,26,0,1,2
40,63,2,1,1
109,30,1,2,2
78,21,0,1,2
28,23,3,1,1
112,126,2,1,1
26,76,7,0,1
159,22,1,6,2
114,33,0,0,0
102,169,0,0,0
157,51,0,1,2
102,135,1,0,1
96,112,4,2,1
164,189,1,1,0
21,95,1,0,1
59,142,7,0,1
11,88,2,0,1
7,65,1,0,1
90,97,3,0,1
161,175,0,1,2
124,50,0,1,2
130,4,1,3,2
136,197,6,1,1
66,154,5,0,1
22,75,2,0,1
188,13,0,5,2
144,125,0,0,0
2,35,2,1,1
160,89,1,2,2
139,159,1,0,1
108,163,2,0,1
139,98,1,1,0
69,126,2,0,1
179,98,1,2,2
53,115,4,0,1
132,155,0,1,2
184,158,4,2,1
126,127,1,3,2
171,40,0,4,2
152,128,2,1,1
187,14,1,7,2
53,93,0,0,0
196,131,0,2,2
127,33,0,1,2
150,171,1,1,0
71,53,3,1,1
174,200,1,0,1
5,151,4,0,1
152,20,0,4,2
185,81,0,2,2
107,148,1,0,1
123,179,2,0,1
113,195,3,0,1
35,100,1,0,1
106,101,2,2,0
51,158,5,0,1
8,156,0,0,0
111,28,1,2,2
96,166,3,1,1
147,35,0,3,2
23,8,1,2,2
86,156,8,0,1
164,188,6,0,1
17,99,4,0,1
93,3,1,4,2
27,110,3,0,1
88,98,1,0,1
22,109,1,0,1
54,12,3,1,1
88,150,3,0,1
182,30,0,1,2
119,54,1,1,0
196,168,0,1,2
58,144,1,0,1
178,156,1,2,2
133,20,0,5,2
154,27,0,2,2
61,56,0,2,2
159,186,1,2,2
12,183,5,1,1
130,8,0,6,2
123,7,0,5,2
138,13,0,1,2
92,111,2,0,1
24,90,3,0,1
6,89,4,0,1
114,85,2,2,0
77,148,2,0,1
172,12,0,4,2
96,17,0,4,2
113,6,0,6,2
166,197,4,0,1
32,162,3,0,1
41,190,3,0,1
138,156,1,0,1
115,55,2,4,2
53,157,3,0,1
29,53,0,0,0
108,25,0,4,2
107,120,5,0,1
133,145,5,3,1
194,142,0,1,2
23,3,2,1,1
144,1,0,3,2
2,92,0,0,0
147,28,0,2,2
100,195,0,0,0
21,55,2,0,1
65,32,0,1,2
97,186,4,3,1
28,121,1,0,1
127,47,0,2,2
22,38,3,0,1
125,175,1,0,1
115,198,1,0,1
43,102,1,0,1
1,62,2,0,1
64,194,4,0,1
102,80,0,2,2
144,115,1,2,2
50,97,3,1,1
28,12,1,3,2
58,168,5,1,1
159,66,0,1,2
44,200,6,0,1
149,147,0,1,2
19,183,7,0,1
38,178,1,0,1
131,16,0,2,2
6,118,3,0,1
22,85,1,0,1
157,171,2,4,2
29,49,2,3,2
125,36,0,4,2
71,52,0,0,0
20,170,7,0,1
129,6,0,5,2
165,53,1,4,2
196,107,0,5,2
30,114,6,1,1
163,135,0,0,0
80,77,2,2,0
167,162,0,0,0
51,149,1,0,1
100,45,3,2,1
58,17,1,0,1
6,148,4,0,1
158,174,2,1,1
48,138,7,0,1
85,41,2,1,1
74,55,1,3,2
3,68,0,0,0
154,189,2,0,1
82,72,0,0,0
134,113,1,1,0
148,26,0,2,2
168,140,1,0,1
132,152,0,1,2
8,106,4,0,1
71,128,2,0,1
7,170,6,0,1
76,87,1,1,0
47,119,4,0,1
134,174,2,1,1
173,81,0,3,2
28,52,1,0,1
69,45,1,1,0
75,106,2,1,1
138,12,0,3,2
150,191,0,0,0
17,73,3,0,1
27,14,1,1,0
6,165,7,0,1
30,138,2,0,1
98,145,2,0,1
174,122,1,0,1
193,193,1,2,2
128,145,0,0,0
134,144,0,0,0
71,183,4,0,1
83,89,0,0,0
182,193,2,0,1
136,175,2,1,1
4,178,6,0,1
25,146,2,0,1
19,169,4,0,1
164,91,1,4,2
74,81,2,1,1
108,153,1,0,1
10,56,3,2,1
170,163,0,1,2
2,1,2,1,1
17,83,2,0,1
64,149,2,1,1
58,68,1,1,0
42,171,6,0,1
25,78,2,0,1
177,180,2,0,1
172,170,2,0,1
171,107,2,2,0
105,52,1,1,0
191,197,0,0,0
198,112,0,1,2
112,39,1,1,0
73,56,1,3,2
3,115,6,0,1
53,182,2,0,1
175,125,2,3,2
99,57,1,2,2
50,102,3,0,1
112,139,3,2,1
17,197,6,0,1
32,96,5,0,1
152,105,1,3,2
138,181,4,1,1
87,194,4,0,1
127,47,0,0,0
100,188,1,0,1
143,137,0,3,2
68,78,3,2,1
17,11,2,2,0
90,65,1,2,2
119,107,1,1,0
35,127,6,0,1
76,156,2,0,1
5,83,3,0,1
179,119,3,0,1
46,165,3,0,1
100,129,6,0,1
14,40,1,1,0
192,90,0,6,2
113,72,2,2,0
120,185,1,0,1
191,109,0,1,2
97,49,0,2,2
120,118,1,1,0
78,121,1,1,0
169,198,3,1,1
46,6,1,2,2
123,143,2,1,1
4,182,2,0,1
127,48,2,3,2
143,19,0,1,2
50,141,3,1,1
90,193,2,0,1
103,39,2,6,2
64,84,1,0,1
144,135,1,1,0
79,180,0,0,0
59,161,7,0,1
107,56,0,2,2
115,79,1,0,1
46,105,2,0,1
67,16,0,4,2
200,124,1,4,2
82,134,2,1,1
140,150,4,1,1
91,21,1,2,2
10,140,6,0,1
133,126,0,3,2
11,167,6,0,1
103,15,1,2,2
99,146,2,0,1
154,71,0,2,2
63,127,3,0,1
117,186,4,0,1
129,163,5,0,1
56,24,1,0,1
135,170,3,1,1
106,73,1,2,2
1,148,3,0,1
84,174,1,0,1
139,122,2,0,1
110,181,5,0,1
79,42,2,2,0
111,128,1,0,1
68,116,0,0,0
17,77,3,0,1
103,95,3,1,1
75,174,1,0,1
108,28,1,1,0
56,180,3,0,1
191,156,0,1,2
25,14,1,1,0
81,179,3,0,1
136,154,1,0,1
98,186,1,0,1
156,192,2,1,1
116,7,0,5,2
104,98,1,0,1
185,186,1,5,2
74,21,0,3,2
47,127,4,0,1
90,63,0,1,2
21,169,2,0,1
44,188,2,0,1
142,111,0,0,0
152,96,0,0,0
147,106,0,5,2
24,111,3,0,1
31,118,3,1,1
27,50,3,1,1
107,34,0,2,2
167,156,1,0,1
149,44,0,1,2
119,176,1,1,0
37,134,6,0,1
140,17,0,3,2
51,49,2,2,0
182,72,0,3,2
2,108,2,0,1
99,195,1,0,1
114,75,1,2,2
68,113,2,0,1
130,76,1,4,2
21,99,6,0,1
53,26,1,1,0
129,152,1,0,1
172,99,0,2,2
200,132,0,2,2
191,140,0,3,2
196,73,0,4,2
192,30,0,5,2
106,195,4,0,1
117,125,2,0,1
59,101,0,0,0
86,70,0,0,0
9,166,2,0,1
117,34,0,0,0
42,27,3,2,1
58,88,2,0,1
24,97,2,0,1
60,186,8,0,1
70,200,5,0,1
49,37,4,2,1
18,174,3,0,1
28,51,2,0,1
20,74,2,1,1
92,162,0,0,0
57,182,2,0,1
138,156,3,1,1
37,198,5,0,1
177,119,5,2,1
60,162,3,0,1
149,7,0,2,2
12,163,2,0,1
58,147,2,0,1
169,146,2,2,0
114,48,0,1,2
36,79,2,0,1
72,40,1,3,2
59,198,2,1,1
171,81,1,2,2
183,157,2,1,1
181,192,2,1,1
73,156,5,0,1
170,16,1,5,2
27,180,3,0,1
171,134,1,2,2
123,53,0,3,2
88,186,3,0,1
103,101,1,3,2
54,10,1,2,2
109,47,0,2,2
71,127,1,1,0
120,175,2,0,1
164,128,0,2,2
19,99,3,0,1
21,156,6,1,1
17,138,4,1,1
136,16,0,3,2
70,123,3,0,1
102,19,0,1,2
54,19,2,0,1
6,91,4,0,1
48,169,4,0,1
24,122,3,0,1
153,66,1,1,0
2,143,1,0,1
127,164,3,0,1
35,17,0,2,2
49,92,1,0,1
175,82,0,2,2
65,81,2,1,1
175,6,0,3,2
167,172,2,1,1
170,141,1,2,2
5,128,3,1,1
75,84,1,3,2
180,78,0,6,2
20,97,3,0,1
16,11,1,2,2
74,143,2,0,1
126,70,1,2,2
98,36,0,3,2
115,194,10,0,1
117,43,0,5,2
105,166,8,0,1
127,54,1,0,1
106,152,3,0,1
42,139,3,0,1
43,134,4,0,1
167,77,0,2,2
51,121,2,0,1
193,40,0,6,2
173,107,1,6,2
154,122,0,2,2
116,73,2,2,0
17,138,0,0,0
54,84,2,0,1
51,164,4,0,1
160,171,2,3,2
183,100,0,1,2
178,95,0,1,2
95,83,4,4,0
112,29,0,1,2
133,177,1,0,1
185,108,0,2,2
162,188,3,0,1
175,188,0,0,0
179,101,0,5,2
138,24,1,6,2
194,47,0,6,2
62,97,1,0,1
144,31,0,2,2
90,79,0,1,2
30,108,3,0,1
163,34,0,5,2
35,40,1,1,0
140,75,0,4,2
144,90,0,4,2
90,21,0,2,2
46,80,1,1,0
62,110,2,0,1
56,140,4,0,1
37,68,0,0,0
116,59,0,3,2
158,90,1,1,0
71,67,3,0,1
58,22,0,1,2
165,1,0,3,2
161,188,2,1,1
105,160,4,0,1
168,102,1,5,2
128,158,2,1,1
163,143,1,1,0
80,159,5,0,1
114,82,1,2,2
49,55,2,1,1
106,128,2,0,1
193,130,0,1,2
62,134,4,0,1
3,54,3,1,1
28,188,3,0,1
194,61,0,7,2
126,73,2,0,1
27,117,4,0,1
45,132,4,0,1
106,102,2,2,0
189,132,1,4,2
34,133,0,0,0
6,21,3,1,1
161,95,0,5,2
189,164,1,1,0
139,72,1,0,1
74,64,2,1,1
163,137,3,2,1
164,103,0,3,2
46,1,2,5,2
24,140,2,1,1
159,120,0,2,2
115,115,3,0,1
105,68,1,0,1
103,178,3,0,1
109,150,4,1,1
167,102,0,5,2
29,106,3,0,1
66,193,2,0,1
111,195,2,0,1
146,115,1,1,0
162,110,1,1,0
169,84,0,2,2
138,42,0,4,2
17,5,2,1,1
89,59,1,2,2
17,159,3,0,1
47,50,2,0,1
192,116,0,4,2
40,157,5,0,1
148,49,0,1,2
48,9,1,2,2
148,159,3,2,1
99,162,1,0,1
49,128,3,0,1
62,1,0,0,0
14,48,2,0,1
117,191,1,0,1
72,167,1,0,1
86,113,2,0,1
113,96,0,1,2
200,191,1,1,0
40,157,3,1,1
189,168,0,0,0
106,67,0,3,2
8,129,6,0,1
78,82,3,1,1
111,52,0,0,0
6,63,4,0,1
167,22,0,1,2
109,24,0,0,0
34,63,0,2,2
182,12,0,7,2
135,197,1,0,1
106,56,2,2,0
171,73,0,0,0
168,49,0,3,2
193,48,0,2,2
91,191,3,0,1
166,111,2,0,1
28,183,3,0,1
62,5,0,1,2
94,95,1,0,1
32,180,2,0,1
120,197,4,0,1
75,195,6,1,1
106,97,0,0,0
161,116,1,1,0
136,77,0,1,2
33,38,1,0,1
114,155,0,0,0
79,131,2,1,1
144,188,4,1,1
82,108,3,0,1
129,27,0,2,2
80,28,1,2,2
141,162,2,1,1
162,33,0,2,2
58,94,3,0,1
7,104,4,0,1
38,73,3,0,1
166,149,3,0,1
145,62,1,4,2
85,137,0,0,0
57,76,3,1,1
136,78,0,1,2
126,95,1,2,2
5,53,0,0,0
102,107,1,1,0
44,124,3,0,1
134,93,1,2,2
193,31,0,1,2
64,85,2,0,1
45,84,1,1,0
189,53,0,5,2
47,61,1,1,0
145,24,0,3,2
45,79,3,0,1
27,28,2,1,1
156,24,0,3,2
5,165,2,0,1
107,168,1,1,0
177,180,4,4,0
191,147,1,2,2
157,196,3,1,1
29,25,5,0,1
99,38,1,1,0
61,114,3,1,1
119,148,4,1,1
30,138,3,0,1
35,151,3,0,1
177,34,0,8,2
83,162,1,0,1
192,141,1,0,1
161,51,0,2,2
89,42,0,1,2
49,140,2,0,1
200,107,0,6,2
64,33,1,2,2
20,139,1,0,1
190,197,1,1,0
100,145,2,0,1
188,53,0,4,2
5,22,0,0,0
79,88,3,0,1
118,47,0,0,0
87,169,4,0,1
60,14,0,3,2
196,5,0,3,2
190,199,2,3,2
168,130,1,3,2
17,32,2,1,1
16,62,2,0,1
147,18,0,0,0
124,54,1,3,2
41,174,4,0,1
123,43,1,1,0
153,151,0,0,0
144,137,2,0,1
198,155,2,3,2
6,22,2,1,1
63,190,1,0,1
77,107,2,3,2
107,168,1,1,0
54,68,1,2,2
168,134,1,4,2
29,104,2,0,1
55,143,3,0,1
28,186,8,0,1
18,127,2,0,1
170,14,0,2,2
189,35,0,5,2
58,48,0,0,0
35,75,2,1,1
7,80,4,0,1
176,42,0,3,2
72,126,3,0,1
113,86,1,3,2
145,28,0,0,0
7,146,2,2,0
112,169,2,0,1
171,5,0,1,2
71,176,1,0,1
176,19,0,2,2
31,196,7,0,1
97,162,1,0,1
103,101,0,1,2
171,124,0,2,2
199,60,0,4,2
4,161,5,0,1
151,112,1,4,2
29,169,5,0,1
47,152,2,0,1
136,162,4,1,1
131,36,1,2,2
104,174,1,0,1
96,56,1,2,2
23,78,3,0,1
105,29,1,3,2
128,76,0,0,0
29,36,2,1,1
77,64,0,1,2
54,146,1,1,0
5,124,2,0,1
178,157,1,0,1
117,151,3,0,1
74,88,2,2,0
170,84,1,0,1
135,23,0,3,2
43,190,2,0,1
107,99,2,0,1
131,9,0,3,2
98,95,3,2,1
11,72,5,1,1
8,33,2,0,1
162,179,2,1,1
119,11,1,3,2
89,100,1,0,1
171,176,1,2,2
101,163,1,0,1
63,170,4,0,1
199,198,0,1,2
106,199,4,0,1
85,34,1,2,2
21,62,1,1,0
123,56,1,1,0
126,159,2,0,1
97,15,0,2,2
48,59,0,1,2
141,80,2,4,2
123,79,0,3,2
168,100,0,2,2
140,141,3,2,1
141,155,4,3,1
108,123,1,0,1
107,17,0,5,2
130,165,1,0,1
32,57,4,0,1
119,32,1,2,2
151,44,0,3,2
72,179,4,0,1
77,144,2,0,1
180,135,1,2,2
37,190,6,0,1
15,187,2,1,1
61,2,3,1,1
114,87,2,1,1
94,181,4,0,1
108,66,0,1,2
166,2,0,1,2
69,137,3,0,1
155,113,0,0,0
110,105,2,3,2
62,195,6,0,1
135,136,2,4,2
18,40,0,2,2
108,90,0,0,0
105,189,4,0,1
167,116,1,1,0
88,67,1,0,1
127,4,0,2,2
48,40,3,2,1
97,164,6,0,1
152,169,4,0,1
140,110,0,3,2
145,104,0,2,2
152,173,6,1,1
129,106,2,1,1
102,48,0,2,2
7,188,1,2,2
187,71,0,5,2
179,52,0,3,2
166,85,0,3,2
181,90,0,2,2
75,61,1,1,0
21,127,1,0,1
1,48,3,0,1
187,179,2,3,2
113,18,0,3,2
174,92,1,2,2
43,32,1,2,2
41,73,2,1,1
158,88,1,4,2
191,115,0,2,2
97,47,1,3,2
178,178,2,2,0
62,76,1,1,0
124,31,1,6,2
54,120,2,0,1
153,53,0,3,2
182,65,0,2,2
189,179,0,0,0
165,73,0,2,2
62,184,4,0,1
146,71,0,0,0
115,55,1,4,2
198,164,0,4,2
101,185,4,0,1
111,98,3,3,0
173,38,0,1,2
168,167,3,0,1
78,40,0,1,2
187,9,0,2,2
92,7,1,3,2
126,74,0,2,2
143,16,0,2,2
100,24,0,0,0
183,183,3,1,1
153,76,1,0,1
183,108,0,1,2
61,113,3,0,1
12,95,3,0,1
47,183,2,0,1
86,47,0,1,2
71,195,2,0,1
60,160,1,0,1
133,105,1,2,2
103,58,2,2,0
159,188,0,1,2
58,51,1,1,0
110,67,1,0,1
200,72,0,1,2
4,97,3,0,1
120,44,1,2,2
8,109,7,0,1
82,119,3,0,1
185,29,0,9,2
101,148,0,0,0
131,193,4,0,1
13,81,2,0,1
104,78,0,1,2
5,61,3,0,1
146,101,3,3,0
188,101,1,4,2
156,149,1,3,2
100,56,0,6,2
133,136,0,2,2
63,121,3,0,1
77,71,1,0,1
13,134,1,0,1
60,142,1,0,1
102,51,2,0,1
88,147,6,0,1
81,34,3,2,1
63,193,4,0,1
66,180,2,0,1
133,108,0,4,2
196,166,1,1,0
42,162,5,1,1
70,192,4,0,1
100,181,2,0,1
44,4,3,3,0
54,71,1,3,2
141,23,0,0,0
55,73,3,0,1
67,39,1,2,2
124,115,3,1,1
162,49,0,6,2
66,189,4,0,1
115,51,2,2,0
22,162,4,0,1
102,88,1,1,0
76,182,0,0,0
22,116,1,0,1
189,188,1,2,2
141,198,4,0,1
29,166,3,0,1
73,75,0,1,2
174,152,2,1,1
113,197,4,0,1
95,187,2,0,1
48,123,2,0,1
79,145,2,0,1
2,88,3,0,1
101,76,1,2,2
161,119,0,3,2
27,180,2,0,1
56,115,1,0,1
18,96,0,1,2
24,166,5,0,1
196,57,0,5,2
195,32,0,2,2
158,76,0,2,2
110,52,0,0,0
95,14,0,9,2
124,22,1,2,2
165,148,2,3,2
40,46,1,1,0
8,175,3,0,1
7,118,0,0,0
142,131,2,3,2
121,180,1,1,0
58,62,1,0,1
140,144,3,0,1
187,64,0,4,2
38,173,2,0,1
81,81,1,0,1
162,80,0,2,2
20,151,0,0,0
115,69,3,3,0
157,137,0,3,2
140,151,2,1,1
52,143,4,0,1
188,74,0,2,2
162,163,1,3,2
65,49,1,1,0
152,93,0,4,2
171,3,0,6,2
37,98,0,0,0
103,67,0,1,2
17,71,5,1,1
38,167,2,0,1
26,15,0,4,2
132,116,3,3,0
154,61,0,0,0
98,130,1,0,1
120,48,1,2,2
90,152,2,1,1
167,64,1,1,0
163,130,0,1,2
126,8,0,4,2
85,147,2,0,1
167,182,0,0,0
84,186,3,0,1
200,170,5,1,1
16,175,6,0,1
195,128,0,2,2
152,163,1,2,2
78,153,2,0,1
74,67,3,0,1
93,118,1,0,1
91,15,0,1,2
122,104,1,0,1
102,72,1,1,0
98,29,0,2,2
122,71,1,1,0
3,68,1,0,1
193,43,0,3,2
84,36,1,2,2
100,42,1,4,2
11,145,9,0,1
38,1,2,2,0
134,104,2,1,1
95,49,1,2,2
46,169,4,0,1
32,20,2,1,1
110,19,1,1,0
21,169,3,0,1
68,70,3,1,1
182,191,1,1,0
25,52,1,0,1
126,16,0,3,2
66,21,3,1,1
133,80,0,3,2
184,70,0,3,2
95,172,1,1,0
47,11,3,2,1
110,25,0,0,0
102,100,3,2,1
74,35,3,0,1
63,170,8,0,1
189,17,0,5,2
109,91,0,0,0
18,190,6,0,1
26,110,4,0,1
196,41,0,3,2
15,123,1,0,1
136,128,2,0,1
63,30,1,0,1
50,170,4,1,1
62,34,0,3,2
168,11,0,1,2
95,32,1,0,1
131,166,2,0,1
2,191,4,0,1
70,2,0,4,2
67,86,5,1,1
142,58,3,1,1
146,181,4,1,1
99,144,8,0,1
103,137,1,1,0
147,31,0,6,2
55,119,6,0,1
173,111,0,2,2
14,41,0,0,0
78,128,3,1,1
2,79,0,0,0
27,151,4,0,1
154,136,1,2,2
36,173,4,0,1
100,48,0,3,2
195,169,2,1,1
156,18,0,1,2
51,81,0,1,2
21,42,0,2,2
138,29,0,3,2
196,76,0,6,2
67,130,2,1,1
91,44,0,3,2
135,90,0,5,2
72,16,1,1,0
48,135,2,0,1
23,134,3,0,1
157,61,0,4,2
71,172,1,0,1
3,104,4,0,1
64,122,2,2,0
108,54,1,2,2
138,134,1,2,2
178,28,1,3,2
44,2,4,2,1
75,105,5,1,1
111,3,0,3,2
21,129,4,0,1
2,56,5,0,1
93,24,1,3,2
23,37,1,1,0
1,150,5,0,1
143,39,0,5,2
178,192,6,0,1
77,129,1,0,1
103,170,2,0,1
101,149,2,0,1
77,15,1,2,2
150,118,1,2,2
96,74,2,0,1
27,153,2,0,1
115,115,0,2,2
10,41,1,1,0
78,192,1,0,1
190,36,0,2,2
128,125,3,2,1
33,44,2,0,1
24,44,2,3,2
178,94,0,1,2
163,55,0,3,2
133,196,2,0,1
101,169,4,0,1
61,73,1,2,2
137,15,0,2,2
160,98,3,0,1
186,94,0,2,2
20,80,2,0,1
198,106,1,5,2
13,118,2,0,1
150,29,0,3,2
118,129,3,1,1
110,188,5,0,1
95,157,4,1,1
85,95,7,2,1
73,120,3,0,1
26,109,2,0,1
87,111,0,0,0
112,73,1,1,0
78,34,0,1,2
189,123,0,0,0
86,73,1,3,2
133,126,0,1,2
153,175,4,1,1
196,84,0,3,2
150,175,2,4,2
196,193,2,0,1
70,3,1,3,2
92,51,0,1,2
52,112,0,0,0
71,102,0,2,2
118,131,0,3,2
93,72,1,1,0
48,54,0,2,2
54,81,2,1,1
176,33,0,1,2
183,58,0,7,2
135,38,0,3,2
63,157,2,0,1
140,75,0,2,2
77,73,0,1,2
172,43,0,5,2
172,128,0,4,2
152,6,0,3,2
88,168,4,0,1
51,84,0,0,0
177,193,2,0,1
104,17,1,1,0
44,156,1,0,1
16,120,5,0,1
52,5,2,1,1
19,105,3,0,1
90,118,1,1,0
165,187,0,1,2
86,146,4,0,1
43,41,2,1,1
36,162,4,1,1
36,154,2,0,1
136,162,4,1,1
177,194,2,3,2
69,138,5,0,1
54,21,0,0,0
149,7,0,3,2
72,45,1,1,0
159,85,0,0,0
90,177,3,1,1
149,91,0,2,2
104,153,5,0,1
33,7,0,1,2
94,150,1,0,1
163,19,0,2,2
143,83,1,0,1
177,68,1,2,2
26,20,4,0,1
178,60,0,2,2
110,57,1,0,1
176,102,0,5,2
172,176,0,0,0
25,140,2,0,1
85,186,0,0,0
46,7,3,3,0
164,63,0,0,0
64,160,0,0,0
23,127,3,0,1
85,37,0,0,0
11,24,0,0,0
60,91,2,2,0
22,4,0,2,2
70,77,4,1,1
198,59,0,3,2
78,75,1,0,1
181,143,4,3,1
148,179,3,0,1
111,193,3,0,1
41,176,5,0,1
198,27,0,0,0
9,84,5,0,1
90,92,1,1,0
167,34,0,4,2
104,160,3,0,1
144,59,0,2,2
45,7,1,1,0
50,9,0,3,2
161,179,2,0,1
170,81,0,2,2
107,21,1,1,0
26,43,2,1,1
1,87,5,0,1
126,52,1,2,2
53,127,1,0,1
37,11,1,2,2
183,130,0,1,2
46,10,0,2,2
158,43,0,1,2
147,120,0,2,2
44,131,4,0,1
26,147,6,0,1
125,169,2,0,1
113,3,0,5,2
178,159,1,0,1
103,104,0,3,2
160,80,0,1,2
119,139,0,1,2
110,123,1,0,1
99,42,3,2,1
48,7,3,2,1
94,70,1,3,2
47,134,2,0,1
151,80,0,5,2
139,41,1,3,2
193,92,0,2,2
26,70,6,1,1
79,18,0,0,0
195,199,1,3,2
177,75,0,2,2
170,185,0,1,2
161,109,1,0,1
60,14,0,1,2
89,75,1,3,2
181,189,1,1,0
59,82,2,3,2
155,2,0,2,2
195,121,0,4,2
161,191,1,1,0
51,80,2,1,1
155,1,0,2,2
86,97,2,0,1
50,64,0,0,0
180,150,1,1,0
7,183,4,0,1
11,87,3,0,1
176,26,0,3,2
161,158,1,0,1
164,87,1,1,0
163,37,0,3,2
99,163,4,0,1
1,62,3,0,1
161,8,0,2,2
94,13,1,6,2
33,113,1,0,1
88,154,2,0,1
133,118,2,1,1
6,151,1,0,1
180,164,1,1,0
6,63,3,0,1
192,142,0,3,2
182,104,0,5,2
65,35,0,0,0
12,64,3,1,1
61,84,4,2,1
117,66,1,0,1
90,61,0,1,2
52,163,4,1,1
60,175,2,0,1
140,99,3,3,0
98,5,0,1,2
180,137,1,2,2
84,154,2,0,1
153,104,2,4,2
34,20,0,1,2
5,190,3,0,1
176,12,0,3,2
54,156,4,0,1
40,24,3,0,1
13,193,4,0,1
147,116,1,1,0
30,10,0,1,2
130,136,2,1,1
172,198,4,0,1
4,122,5,0,1
190,143,1,4,2
130,118,2,1,1
48,10,1,0,1
41,18,1,3,2
46,48,2,1,1
37,36,1,0,1
53,166,3,0,1
32,1,2,2,0
66,97,1,1,0
182,161,0,2,2
5,153,4,0,1
200,93,0,0,0
143,46,0,2,2
35,31,1,1,0
150,3,0,3,2
110,133,2,0,1
3,26,2,0,1
98,131,2,0,1
165,49,0,1,2
146,58,0,5,2
20,124,5,1,1
20,57,1,1,0
85,1,1,2,2
174,78,0,4,2
42,187,4,0,1
84,153,2,0,1
197,187,2,1,1
17,13,3,0,1
88,67,2,0,1
31,103,1,0,1
5,11,3,1,1
112,23,1,2,2
39,14,1,0,1
95,72,2,1,1
24,184,2,0,1
194,175,0,1,2
19,94,2,0,1
152,147,1,1,0
23,30,3,1,1
70,60,1,0,1
195,198,1,1,0
74,62,0,0,0
34,39,2,1,1
179,161,2,1,1
21,56,2,2,0
65,123,5,0,1
192,58,0,4,2
161,77,0,0,0
156,144,3,3,0
40,102,3,0,1
13,33,4,2,1
29,200,7,0,1
89,106,4,2,1
185,155,1,1,0
44,77,4,0,1
104,73,0,1,2
38,39,2,5,2
155,79,0,1,2
166,182,1,0,1
90,69,2,1,1
58,54,1,0,1
116,8,1,0,1
187,153,0,2,2
34,172,3,0,1
123,40,0,3,2
79,85,1,1,0
164,5,0,3,2
44,6,0,1,2
180,187,4,1,1
32,79,5,0,1
119,95,2,2,0
45,60,5,0,1
150,3,0,3,2
107,133,2,1,1
177,65,0,1,2
104,97,0,0,0
199,98,0,1,2
169,155,1,0,1
142,64,0,1,2
122,187,2,0,1
167,96,0,0,0
52,84,2,1,1
138,20,0,4,2
20,179,3,0,1
85,56,3,4,2
7,134,4,0,1
171,132,2,3,2
1,81,1,0,1
146,99,1,1,0
40,31,3,2,1
31,102,4,0,1
187,70,0,5,2
73,20,2,2,0
186,190,3,0,1
15,182,9,0,1
81,131,2,0,1
14,47,0,0,0
170,198,2,0,1
185,193,4,1,1
16,171,3,0,1
151,25,0,4,2
82,118,3,1,1
38,72,2,0,1
157,151,1,0,1
109,96,2,3,2
191,192,0,4,2
8,157,2,0,1
151,115,3,7,2
44,90,2,1,1
24,27,0,2,2
198,118,0,3,2
80,151,2,0,1
116,101,3,1,1
60,120,1,0,1
15,149,3,0,1
181,160,3,2,1
10,126,8,0,1
69,189,1,0,1
121,57,0,1,2
176,88,0,2,2
161,147,2,1,1
7,122,6,0,1
80,152,2,0,1
33,8,2,3,2
51,137,5,0,1
68,182,3,0,1
147,45,0,3,2
87,129,3,0,1
134,53,0,0,0
14,142,6,0,1
142,66,1,2,2
147,130,2,0,1
137,18,0,2,2
29,153,1,0,1
18,151,7,0,1
135,142,2,3,2
31,195,4,0,1
8,2,1,0,1
128,120,0,1,2
93,193,1,1,0
188,67,0,2,2
98,76,2,0,1
115,3,0,4,2
65,136,10,0,1
57,98,1,0,1
84,15,0,3,2
160,65,0,5,2
177,79,0,1,2
82,155,3,0,1
20,37,3,1,1
127,123,1,2,2
63,76,3,0,1
22,178,1,1,0
93,111,1,0,1
200,17,0,4,2
77,13,0,5,2
28,134,4,0,1
79,129,1,0,1
114,1,0,3,2
89,77,1,3,2
23,176,5,0,1
48,200,3,0,1
73,107,1,0,1
123,162,1,0,1
146,145,1,1,0
131,18,0,1,2
189,26,0,2,2
187,29,0,2,2
127,135,0,0,0
193,14,0,6,2
2,79,3,1,1
141,109,1,0,1
116,82,1,5,2
56,14,0,1,2
78,53,1,2,2
73,49,4,2,1
39,111,2,0,1
110,123,1,0,1
57,25,4,1,1
42,68,1,0,1
136,19,0,4,2
174,95,0,2,2
138,12,0,3,2
163,101,0,3,2
91,179,4,1,1
58,1,0,2,2
140,31,0,5,2
63,123,0,1,2
125,189,2,1,1
158,172,1,0,1
25,183,4,0,1
122,57,0,0,0
116,170,1,0,1
178,21,0,5,2
58,150,4,1,1
133,43,1,4,2
88,147,2,0,1
193,95,0,1,2
157,106,0,0,0
157,150,3,1,1
136,6,0,4,2
130,23,0,2,2
113,6,0,5,2
133,46,0,2,2
69,60,1,2,2
100,195,6,0,1
197,197,1,1,0
52,122,0,0,0
47,125,4,0,1
82,161,4,0,1
55,143,4,0,1
110,194,3,0,1
144,181,2,0,1
79,159,1,0,1
52,200,4,0,1
153,158,1,1,0
11,106,0,0,0
101,160,3,0,1
74,132,1,2,2
22,98,4,0,1
169,28,0,2,2
141,131,2,0,1
85,106,3,1,1
120,31,0,2,2
35,152,3,0,1
48,154,3,0,1
9,100,8,0,1
20,50,2,0,1
144,115,1,1,0
38,110,2,1,1
7,11,1,4,2
79,46,0,3,2
180,179,1,0,1
135,4,1,5,2
87,135,3,1,1
119,65,2,0,1
181,51,0,4,2
138,143,1,0,1
173,178,2,0,1
76,178,1,0,1
174,186,1,0,1
169,95,1,1,0
12,44,4,1,1
2,98,1,0,1
60,68,1,2,2
79,159,2,0,1
80,112,3,0,1
183,55,0,5,2
139,113,1,2,2
155,50,0,1,2
112,103,1,0,1
102,96,2,1,1
76,98,3,1,1
48,167,5,0,1
135,163,1,2,2
111,55,1,1,0
26,51,3,0,1
111,4,0,0,0
49,10,1,1,0
174,66,0,4,2
24,177,2,0,1
11,38,1,0,1
44,159,4,0,1
101,196,2,0,1
97,187,1,0,1
50,193,2,0,1
14,117,1,0,1
30,138,3,1,1
22,163,6,0,1
167,137,2,2,0
51,128,2,0,1
6,29,1,0,1
107,119,3,0,1
82,20,0,1,2
7,138,7,0,1
195,69,1,7,2
175,33,0,5,2
190,195,1,4,2
167,7,0,4,2
156,178,3,0,1
100,119,1,0,1
31,73,2,0,1
3,12,2,3,2
164,100,0,1,2
67,153,0,1,2
116,51,2,1,1
171,97,0,1,2
19,22,2,2,0
138,27,0,2,2
73,68,4,1,1
76,45,0,2,2
172,15,0,4,2
199,34,0,4,2
184,1,0,6,2
34,64,2,0,1
196,94,0,0,0
3,103,2,0,1
121,196,4,0,1
151,4,0,8,2
113,157,2,0,1
149,188,1,0,1
99,28,2,1,1
156,50,0,2,2
57,172,3,0,1
106,170,4,0,1
23,178,9,0,1
32,45,1,0,1
149,185,2,0,1
79,43,1,5,2
160,151,2,0,1
57,166,2,0,1
181,124,1,0,1
102,83,2,1,1
173,122,0,2,2
38,5,1,0,1
8,123,2,0,1
98,165,8,0,1
75,62,0,1,2
51,50,0,1,2
164,57,0,2,2
132,93,1,4,2
148,125,1,2,2
159,182,0,1,2
49,191,4,0,1
116,120,1,0,1
112,26,0,2,2
72,132,5,0,1
163,138,1,1,0
115,130,2,0,1
21,38,1,0,1
198,83,0,3,2
81,170,4,0,1
30,52,2,2,0
161,56,0,2,2
154,150,1,2,2
44,163,1,0,1
141,154,2,1,1
68,12,0,4,2
132,197,1,0,1
122,109,1,1,0
132,119,2,1,1
167,14,0,4,2
107,48,0,1,2
121,157,4,0,1
11,87,3,0,1
7,159,1,0,1
144,91,2,1,1
46,195,0,0,0
172,153,2,3,2
147,163,0,2,2
127,163,1,0,1
145,101,0,2,2
81,66,1,0,1
16,141,4,0,1
119,166,2,0,1
199,99,0,2,2
88,94,3,1,1
76,47,1,3,2
29,185,2,0,1
96,199,3,0,1
158,46,1,2,2
38,179,5,0,1
128,199,4,1,1
90,192,6,0,1
129,133,3,1,1
64,111,3,0,1
139,132,1,0,1
95,135,5,0,1
91,200,2,0,1
189,182,1,1,0
171,11,0,2,2
70,192,3,0,1
132,18,0,2,2
143,138,4,0,1
89,59,1,1,0
152,178,2,1,1
46,96,0,1,2
177,122,0,0,0
123,67,1,4,2
144,75,1,3,2
196,163,2,0,1
79,136,3,0,1
122,85,1,3,2
18,4,3,2,1
2,47,0,0,0
130,140,1,2,2
144,192,1,0,1
163,38,0,4,2
52,59,2,2,0
58,169,5,0,1
132,19,0,4,2
28,43,2,1,1
175,123,1,1,0
69,6,1,1,0
13,187,4,0,1
61,121,3,0,1
183,178,0,3,2
182,116,0,2,2
166,42,0,1,2
119,26,0,2,2
44,177,4,0,1
160,132,2,3,2
155,115,0,2,2
98,71,1,1,0
78,102,4,0,1
102,14,1,1,0
166,169,0,2,2
9,90,6,0,1
106,43,0,4,2
188,104,0,1,2
18,30,3,2,1
106,185,7,0,1
18,175,4,0,1
189,167,1,1,0
32,45,1,2,2
106,99,0,2,2
140,77,2,2,0
157,7,0,4,2
197,50,0,1,2
77,57,0,2,2
197,145,1,1,0
191,42,0,3,2
86,70,3,2,1
60,169,2,0,1
64,118,3,0,1
112,27,1,0,1
135,160,2,1,1
114,161,3,0,1
90,102,3,2,1
1,85,5,0,1
24,117,5,0,1
127,192,2,0,1
191,112,0,2,2
165,37,0,4,2
151,38,0,0,0
177,44,1,3,2
141,7,1,4,2
145,74,0,3,2
20,174,3,0,1
124,161,3,0,1
50,141,3,0,1
152,176,2,1,1
180,149,2,0,1
178,182,1,1,0
148,14,0,5,2
110,142,3,0,1
135,13,0,1,2
133,18,0,0,0
68,74,2,1,1
30,6,3,1,1
164,79,1,1,0
134,164,2,1,1
187,39,0,4,2
52,97,2,1,1
187,24,0,7,2
98,102,2,0,1
166,1,0,9,2
139,112,0,2,2
4,17,2,1,1
43,59,3,0,1
71,10,1,2,2
145,75,0,0,0
69,98,1,0,1
39,173,2,0,1
51,147,2,0,1
72,93,0,0,0
15,186,3,0,1
123,41,1,0,1
157,154,2,0,1
113,164,3,1,1
70,85,2,2,0
155,34,0,2,2
60,18,0,0,0
137,35,0,2,2
65,182,2,0,1
23,136,4,0,1
99,105,3,0,1
16,109,2,0,1
191,134,0,0,0
62,71,1,0,1
134,64,0,1,2
24,189,8,0,1
29,143,0,0,0
113,41,0,5,2
163,84,0,1,2
162,32,0,5,2
20,128,3,0,1
145,132,1,0,1
77,119,2,0,1
110,43,1,0,1
139,39,0,4,2
185,100,0,5,2
81,100,0,0,0
65,67,1,2,2
178,137,0,2,2
103,145,2,0,1
91,144,5,0,1
125,44,0,3,2
126,95,3,1,1
168,87,1,1,0
53,47,2,2,0
38,23,1,3,2
1,91,4,0,1
2,180,7,0,1
82,121,0,2,2
60,180,4,0,1
104,188,3,0,1
94,53,4,1,1
147,131,3,1,1
182,131,0,0,0
172,3,0,5,2
71,134,4,0,1
26,154,7,0,1
127,173,4,1,1
169,29,1,4,2
104,120,2,0,1
121,25,0,1,2
25,195,3,0,1
16,97,1,0,1
137,181,2,0,1
114,184,2,0,1
35,176,8,0,1
31,2,3,1,1
147,115,1,4,2
19,97,1,0,1
27,139,2,0,1
156,166,0,0,0
109,183,4,0,1
184,34,0,5,2
185,29,0,4,2
61,167,6,1,1
141,103,1,1,0
70,64,0,1,2
79,156,2,0,1
137,133,1,1,0
156,36,0,2,2
25,38,1,2,2
160,56,0,3,2
74,70,1,2,2
86,154,2,0,1
91,191,1,0,1
109,131,3,0,1
3,14,2,0,1
95,29,1,1,0
169,153,1,0,1
121,5,0,3,2
76,107,4,0,1
53,97,4,0,1
3,31,0,0,0
195,117,1,1,0
27,26,1,0,1
18,191,3,0,1
66,91,0,1,2
61,95,3,0,1
132,41,0,1,2
189,82,0,4,2
168,48,0,2,2
49,17,4,2,1
159,1,0,3,2
119,1,0,2,2
196,165,4,1,1
182,25,0,4,2
53,118,3,1,1
59,61,2,0,1
77,48,1,4,2
11,70,2,0,1
142,133,0,0,0
188,1,0,3,2
28,34,3,0,1
112,175,4,0,1
156,125,1,2,2
22,35,3,0,1
88,6,0,4,2
3,117,2,0,1
152,24,0,2,2
68,112,0,0,0
98,64,1,3,2
77,137,2,0,1
160,44,1,1,0
23,56,1,2,2
193,20,0,2,2
58,63,3,2,1
113,61,0,2,2
177,178,2,1,1
163,97,0,2,2
157,188,4,0,1
108,192,1,0,1
77,63,1,1,0
36,189,6,0,1
115,28,2,0,1
163,36,0,2,2
36,166,2,0,1
1,134,4,0,1
86,14,0,1,2
113,36,2,3,2
3,77,7,0,1
69,90,0,0,0
81,112,3,0,1
167,127,1,2,2
85,70,1,1,0
129,74,1,2,2
156,48,1,1,0
33,81,4,1,1
70,196,4,0,1
25,16,0,0,0
11,110,5,0,1
11,119,3,0,1
19,63,4,0,1
21,193,3,0,1
125,173,1,0,1
46,75,4,1,1
97,3,0,4,2
154,102,0,2,2
190,64,0,4,2
154,81,0,3,2
37,172,3,0,1
101,53,2,1,1
89,78,0,1,2
3,92,2,0,1
129,107,1,0,1
129,140,2,1,1
1,24,1,1,0
181,31,0,3,2
171,95,0,0,0
153,27,1,2,2
72,153,3,0,1
7,44,4,0,1
112,146,3,0,1
93,151,3,0,1
6,7,1,0,1
42,70,1,1,0
155,77,0,1,2
121,62,1,2,2
31,48,0,1,2
120,99,1,1,0
77,104,0,0,0
21,126,2,0,1
191,65,0,6,2
29,185,3,0,1
191,82,0,2,2
100,130,3,0,1
138,146,2,0,1
53,119,1,0,1
73,148,6,0,1
43,147,4,0,1
102,8,0,2,2
54,20,0,0,0
100,137,1,0,1
193,71,0,2,2
92,133,3,1,1
178,150,1,0,1
148,131,2,2,0
22,45,4,1,1
146,129,0,0,0
11,66,6,0,1
140,33,0,2,2
39,125,3,0,1
40,117,3,0,1
112,140,2,0,1
107,72,0,1,2
1,159,5,0,1
56,119,4,0,1
71,95,1,3,2
5,44,2,0,1
145,28,0,7,2
200,194,0,2,2
131,85,1,1,0
72,80,6,2,1
64,181,2,0,1
55,12,3,2,1
186,174,1,2,2
141,179,3,1,1
108,114,0,2,2
151,178,5,0,1
197,156,1,3,2
162,38,0,4,2
104,62,0,2,2
61,66,2,0,1
42,134,4,0,1
140,34,0,5,2
168,126,2,1,1
125,177,0,0,0
76,152,1,0,1
103,104,1,1,0
164,31,0,4,2
72,144,2,0,1
113,102,0,2,2
90,27,0,2,2
147,107,3,2,1
155,123,2,2,0
37,96,3,0,1
189,177,0,0,0
132,128,1,1,0
112,32,0,5,2
26,35,0,1,2
129,121,0,0,0
103,172,4,0,1
149,118,0,1,2
65,67,1,0,1
120,32,1,1,0
30,80,3,1,1
83,179,3,0,1
82,153,2,1,1
84,151,1,0,1
187,141,2,4,2
121,64,1,0,1
144,49,1,3,2
178,23,1,1,0
164,73,0,4,2
19,185,3,0,1
50,36,1,1,0
39,110,6,0,1
18,33,4,1,1
111,6,0,3,2
135,200,2,1,1
69,122,3,0,1
169,35,0,1,2
97,60,2,4,2
101,57,0,4,2
154,16,0,3,2
168,66,1,4,2
98,97,0,1,2
93,45,2,3,2
14,56,4,0,1
104,63,0,4,2
78,79,3,1,1
197,86,1,1,0
62,44,0,3,2
109,101,1,4,2
159,111,0,0,0
149,135,4,1,1
93,69,0,0,0
8,73,1,0,1
66,73,0,1,2
78,130,3,0,1
60,185,3,0,1
161,148,2,1,1
148,168,0,1,2
21,62,2,0,1
170,73,0,3,2
107,73,1,1,0
81,62,2,0,1
112,68,0,5,2
37,171,0,0,0
77,194,4,0,1
166,164,0,1,2
105,68,1,3,2
75,54,3,1,1
134,99,3,1,1
23,75,2,0,1
79,19,3,2,1
191,133,0,6,2
106,92,1,1,0
97,12,0,3,2
109,46,1,1,0
76,22,0,2,2
96,47,1,2,2
58,133,4,0,1
16,97,4,0,1
100,27,0,4,2
39,38,2,2,0
54,44,1,0,1
70,161,3,0,1
195,103,1,3,2
193,41,0,4,2
163,196,1,0,1
3,59,1,0,1
87,129,0,0,0
180,134,3,1,1
107,197,2,0,1
57,72,2,0,1
10,188,5,0,1
9,19,3,0,1
196,69,0,2,2
198,20,0,4,2
160,53,0,3,2
173,188,1,0,1
4,119,2,0,1
34,143,1,1,0
102,67,2,2,0
40,175,2,1,1
158,147,2,0,1
128,99,0,0,0
154,139,3,2,1
61,21,1,0,1
187,108,0,3,2
91,54,0,1,2
141,71,0,2,2
180,170,3,5,2
57,126,4,0,1
124,9,0,1,2
165,12,0,2,2
135,59,0,3,2
161,46,0,2,2
47,17,2,0,1
140,178,1,0,1
194,131,1,0,1
137,95,1,4,2
4,163,9,0,1
5,165,5,0,1
188,141,1,2,2
3,99,2,0,1
197,150,1,3,2
89,131,6,0,1
37,44,3,0,1
8,172,6,0,1
195,169,1,1,0
105,34,0,1,2
11,66,2,1,1
193,25,0,4,2
42,133,4,0,1
148,53,0,5,2
31,99,1,1,0
17,198,4,0,1
191,132,1,3,2
3,170,2,0,1
120,116,1,0,1
192,11,0,2,2
127,118,0,0,0
118,99,0,1,2
166,160,2,3,2
186,12,0,7,2
38,134,6,0,1
178,7,0,4,2
8,75,1,0,1
119,184,1,0,1
54,45,2,2,0
183,17,0,0,0
113,76,2,0,1
74,107,3,2,1
70,53,1,1,0
178,144,1,1,0
169,24,0,3,2
112,64,3,2,1
171,41,0,3,2
174,115,1,3,2
97,195,3,0,1
32,112,4,0,1
138,43,0,4,2
101,8,0,2,2
191,195,1,1,0
14,71,2,0,1
154,30,0,3,2
162,103,1,2,2
155,159,3,2,1
117,178,0,0,0
29,44,2,0,1
112,89,0,0,0
31,52,1,1,0
49,180,3,0,1
97,135,0,1,2
98,195,5,0,1
195,82,0,4,2
41,83,4,1,1
193,25,0,0,0
5,59,3,0,1
134,196,6,0,1
5,5,3,2,1
173,35,0,4,2
30,62,4,0,1
8,130,5,0,1
24,19,1,2,2
24,150,4,0,1
7,35,2,1,1
50,93,1,1,0
188,125,0,3,2
15,110,6,1,1
137,62,0,2,2
61,56,5,1,1
178,108,1,2,2
163,132,2,1,1
103,27,0,4,2
189,186,1,1,0
159,13,0,4,2
36,50,0,1,2
185,83,0,3,2
166,55,0,8,2
177,5,1,5,2
115,17,0,3,2
169,45,0,4,2
45,198,4,0,1
102,4,0,1,2
143,42,0,3,2
41,162,3,0,1
162,114,0,1,2
78,169,2,0,1
115,106,0,1,2
104,86,2,1,1
154,150,3,2,1
105,100,0,2,2
56,6,0,2,2
129,157,3,1,1
35,5,1,0,1
194,13,0,4,2
186,28,0,2,2
146,15,0,3,2
19,113,2,0,1
51,9,0,1,2
68,98,3,1,1
87,129,5,1,1
10,157,1,0,1
180,103,0,1,2
134,62,1,3,2
175,84,0,3,2
174,32,0,5,2
200,56,0,2,2
152,165,0,0,0
11,133,3,0,1
58,180,5,0,1
62,123,1,0,1
125,159,1,1,0
27,106,3,0,1
63,190,5,0,1
94,173,1,0,1
23,27,2,0,1
88,38,0,3,2
193,97,0,0,0
115,128,2,0,1
26,98,4,0,1
98,65,0,1,2
126,184,2,1,1
153,86,0,4,2
78,117,1,0,1
197,36,0,3,2
74,190,3,0,1
146,24,0,2,2
28,40,3,0,1
156,199,1,0,1
41,197,9,0,1
152,149,2,3,2
153,166,1,0,1
138,56,0,0,0
81,194,2,1,1
112,20,0,4,2
61,66,1,1,0
145,96,0,1,2
175,29,0,2,2
158,11,0,1,2
89,129,2,0,1
88,89,6,1,1
165,75,0,3,2
136,77,1,2,2
106,96,2,1,1
148,63,1,3,2
199,36,0,6,2
189,196,1,2,2
152,86,1,1,0
54,28,1,2,2
107,195,4,0,1
18,33,1,0,1
74,81,1,0,1
180,1,0,5,2
137,130,2,1,1
101,183,3,0,1
14,28,2,0,1
182,32,0,3,2
112,10,0,2,2
196,112,0,1,2
123,2,0,4,2
71,94,2,1,1
21,177,4,0,1
4,91,4,2,1
26,94,5,0,1
134,109,1,0,1
35,174,10,0,1
180,4,0,2,2
45,91,1,0,1
10,11,2,2,0
23,16,0,2,2
185,128,0,3,2
25,135,6,0,1
100,78,1,2,2
178,24,1,1,0
93,116,1,0,1
67,136,1,1,0
174,157,2,2,0
30,58,1,1,0
11,194,5,0,1
125,7,0,3,2
35,115,1,0,1
163,16,0,1,2
143,127,1,1,0
147,187,1,1,0
62,16,0,1,2
124,31,0,4,2
57,141,2,0,1
179,100,1,1,0
140,114,3,2,1
102,50,1,0,1
12,144,2,0,1
191,33,0,4,2
41,58,4,5,2
24,128,0,0,0
137,199,4,0,1
67,78,5,0,1
97,142,2,0,1
55,21,2,1,1
34,70,1,1,0
51,171,3,0,1
102,173,2,0,1
12,65,2,0,1
47,66,1,1,0
22,81,0,2,2
171,145,1,1,0
31,171,3,0,1
190,78,0,5,2
52,61,4,1,1
11,145,2,0,1
24,129,1,0,1
182,185,0,1,2
100,145,0,0,0
116,166,5,1,1
77,187,2,0,1
158,192,2,0,1
90,10,0,3,2
45,10,3,4,2
109,54,2,1,1
177,138,2,5,2
174,150,2,3,2
154,83,0,2,2
194,100,0,2,2
107,192,2,0,1
65,6,0,2,2
164,67,1,2,2
83,63,4,1,1
23,200,4,0,1
127,160,2,0,1
73,85,4,3,1
101,146,1,0,1
13,24,6,0,1
53,89,3,0,1
21,137,2,0,1
104,29,1,6,2
19,179,4,1,1
117,83,0,0,0
116,132,3,1,1
30,2,1,1,0
4,8,2,2,0
44,86,3,0,1
50,182,2,0,1
128,64,1,0,1
180,55,0,1,2
59,46,1,3,2
141,77,0,2,2
198,91,0,4,2
199,103,0,3,2
37,189,3,0,1
197,191,0,1,2
47,141,3,0,1
165,13,0,2,2
75,86,0,1,2
4,38,4,0,1
34,140,4,0,1
111,91,3,0,1
77,47,1,0,1
184,165,0,0,0
49,95,2,1,1
105,87,0,1,2
3,49,4,0,1
84,30,0,2,2
114,122,2,1,1
56,93,3,1,1
98,97,6,4,1
189,94,1,4,2
117,127,2,1,1
144,174,1,3,2
167,182,0,0,0
196,45,0,4,2
57,118,1,0,1
56,77,2,0,1
65,127,0,0,0
72,38,0,2,2
133,56,0,1,2
170,66,1,1,0
13,181,5,0,1
92,114,2,0,1
65,22,2,1,1
157,38,0,1,2
7,143,2,0,1
98,152,2,0,1
152,67,1,1,0
138,1,0,1,2
112,32,0,3,2
130,81,0,4,2
180,114,2,1,1
151,151,2,0,1
176,37,0,3,2
24,97,4,0,1
106,3,0,3,2
11,111,1,0,1
185,59,0,6,2
25,31,2,0,1
180,187,2,1,1
178,28,1,7,2
88,141,4,0,1
98,44,1,0,1
111,81,1,1,0
6,122,1,0,1
136,94,1,1,0
86,4,0,0,0
75,159,1,1,0
47,27,0,0,0
112,15,0,1,2
3,34,1,1,0
96,7,0,3,2
157,170,1,0,1
83,196,1,1,0
108,14,0,3,2
190,180,0,2,2
142,105,0,4,2
17,46,4,0,1
158,70,0,7,2
85,152,2,0,1
131,185,7,0,1
188,42,0,3,2
33,177,3,0,1
123,38,2,1,1
20,22,0,2,2
22,71,1,1,0
35,176,4,1,1
66,180,2,0,1
95,45,1,1,0
56,26,2,2,0
146,137,2,2,0
87,10,1,3,2
27,25,3,1,1
161,145,3,2,1
64,72,2,2,0
142,151,2,0,1
18,7,0,4,2
142,174,5,3,1
2,89,4,0,1
58,90,1,0,1
53,132,2,0,1
52,44,3,0,1
108,26,0,2,2
58,183,6,0,1
87,165,5,0,1
41,60,3,2,1
134,116,3,3,0
165,91,0,3,2
147,170,3,0,1
179,191,1,2,2
47,151,4,0,1
159,193,2,1,1
132,67,2,2,0
163,196,6,2,1
6,134,2,0,1
171,157,1,1,0
97,55,1,3,2
132,105,1,1,0
122,124,2,1,1
85,51,1,5,2
55,139,5,0,1
45,45,2,1,1
11,35,2,0,1
141,34,0,1,2
101,64,1,2,2
23,141,3,0,1
161,77,0,1,2
181,105,1,3,2
9,186,8,0,1
76,134,4,0,1
48,5,3,0,1
44,5,1,2,2
49,165,1,0,1
191,169,1,0,1
47,46,1,0,1
192,78,0,5,2
199,108,1,0,1
38,72,2,0,1
117,30,0,3,2
55,12,0,2,2
101,197,1,0,1
150,173,2,1,1
15,138,2,1,1
184,2,0,6,2
22,183,2,2,0
141,91,2,0,1
151,170,1,0,1
110,147,3,0,1
119,167,3,0,1
44,124,2,0,1
42,104,0,0,0
42,192,1,0,1
11,24,1,0,1
88,52,1,1,0
59,118,2,0,1
167,173,1,0,1
85,36,1,0,1
126,102,3,0,1
42,167,3,0,1
144,106,1,3,2
88,92,4,0,1
158,190,2,1,1
184,58,0,2,2
13,113,4,0,1
196,118,1,2,2
199,137,0,4,2
187,152,1,3,2
162,183,0,1,2
126,79,0,0,0
9,171,4,0,1
131,162,2,1,1
101,136,5,0,1
99,167,3,0,1
100,103,1,0,1
182,22,0,2,2
83,151,5,0,1
119,59,0,1,2
72,61,1,3,2
62,128,4,0,1
185,15,0,3,2
46,43,5,1,1
15,91,5,0,1
64,19,2,1,1
99,198,2,0,1
39,200,5,0,1
106,86,1,1,0
90,27,0,2,2
90,153,2,0,1
66,100,1,1,0
171,35,0,6,2
174,158,0,4,2
119,40,0,4,2
14,99,4,0,1
101,161,2,0,1
99,162,2,1,1
128,165,4,0,1
26,81,2,0,1
70,39,1,2,2
151,53,0,1,2
136,6,0,3,2
172,129,0,1,2
60,80,0,0,0
2,35,2,0,1
1,66,2,0,1
155,37,0,2,2
200,58,0,3,2
67,132,1,0,1
184,46,0,6,2
50,21,5,2,1
145,57,0,3,2
119,50,0,1,2
29,110,2,1,1
162,67,0,2,2
12,83,2,0,1
158,126,0,2,2
127,74,0,2,2
104,41,1,1,0
96,39,1,3,2
55,70,1,2,2
11,63,2,1,1
157,164,2,1,1
185,43,0,3,2
136,24,0,2,2
169,33,0,6,2
69,131,2,1,1
171,110,2,2,0
185,158,1,0,1
122,140,1,1,0
5,142,6,0,1
120,16,1,3,2
105,74,1,1,0
113,158,2,0,1
195,127,0,1,2
71,175,0,0,0
127,73,1,0,1
127,108,1,0,1
122,147,1,1,0
146,63,0,3,2
62,141,1,0,1
159,21,0,2,2
32,26,3,0,1
71,121,1,0,1
154,25,0,2,2
17,88,2,1,1
39,87,1,1,0
199,46,0,4,2
136,90,3,2,1
111,63,0,3,2
150,119,1,1,0
19,31,1,0,1
181,159,1,0,1
190,29,0,4,2
8,186,9,1,1
30,16,0,1,2
135,102,2,2,0
171,86,0,2,2
193,199,1,0,1
39,187,5,0,1
143,6,0,2,2
137,114,4,2,1
152,152,1,2,2
5,157,5,0,1
192,180,1,2,2
80,47,2,2,0
152,129,0,1,2
158,40,0,6,2
77,47,1,2,2
110,38,0,2,2
25,65,4,0,1
54,144,2,0,1
127,56,0,2,2
35,150,4,0,1
56,106,1,0,1
34,49,0,0,0
173,114,1,0,1
42,37,6,2,1
177,177,3,0,1
121,119,0,4,2
152,82,1,3,2
20,133,2,1,1
156,199,2,1,1
20,87,2,0,1
137,138,1,2,2
27,74,2,1,1
77,75,0,0,0
148,76,0,4,2
82,72,5,4,1
1,132,4,0,1
4,134,2,0,1
7,50,1,1,0
196,175,2,0,1
181,155,1,1,0
157,17,0,2,2
34,97,3,0,1
23,33,2,0,1
74,94,1,0,1
180,65,1,2,2
50,196,3,0,1
197,95,0,2,2
58,55,0,3,2
130,195,2,0,1
159,52,0,1,2
5,7,1,1,0
13,111,2,0,1
54,137,2,0,1
162,148,1,2,2
91,182,5,1,1
200,85,0,1,2
19,195,7,0,1
107,175,2,0,1
53,92,5,0,1
11,175,7,0,1
54,193,1,1,0
11,191,2,0,1
59,151,5,0,1
49,36,0,2,2
90,133,1,1,0
194,17,0,4,2
49,82,4,0,1
4,177,8,0,1
115,93,0,1,2
143,33,0,4,2
81,88,1,1,0
40,37,0,0,0
176,15,0,4,2
155,40,0,2,2
191,196,0,1,2
122,43,1,1,0
47,36,2,5,2
91,152,1,0,1
25,87,0,1,2
192,200,1,1,0
171,102,0,2,2
109,100,0,1,2
144,133,5,0,1
178,47,0,3,2
170,56,0,0,0
28,154,1,0,1
96,71,1,2,2
32,35,4,1,1
134,184,4,0,1
125,70,2,1,1
68,111,3,0,1
54,136,5,0,1
31,79,1,1,0
137,185,4,1,1
24,108,2,1,1
198,124,1,3,2
124,116,1,2,2
56,175,4,0,1
191,78,0,1,2
32,20,1,2,2
163,96,0,1,2
6,46,2,1,1
188,162,3,0,1
93,169,4,0,1
158,84,0,2,2
84,40,1,2,2
193,146,0,1,2
97,178,3,0,1
159,170,2,0,1
21,85,2,0,1
167,117,3,3,0
40,122,0,0,0
122,193,4,0,1
136,13,0,1,2
149,142,3,2,1
29,9,3,1,1
190,24,1,2,2
29,104,4,0,1
141,64,1,3,2
32,19,1,4,2
4,143,4,1,1
58,96,3,1,1
135,118,2,0,1
61,90,5,1,1
112,42,1,0,1
169,54,0,3,2
100,126,0,1,2
122,165,1,0,1
88,166,2,0,1
161,15,0,3,2
4,142,6,0,1
23,123,1,0,1
30,116,2,0,1
29,114,6,0,1
42,26,2,0,1
197,143,0,1,2
91,127,5,1,1
149,18,0,3,2
86,118,1,1,0
114,145,4,1,1
26,14,2,0,1
142,37,0,1,2
114,188,4,0,1
124,167,3,0,1
119,182,4,0,1
183,164,2,1,1
189,85,0,2,2
43,66,3,2,1
145,118,0,2,2
119,89,0,2,2
87,132,2,0,1
78,58,1,1,0
108,179,5,1,1
51,106,1,1,0
22,37,1,1,0
43,83,2,1,1
45,84,1,0,1
149,167,4,0,1
53,1,1,2,2
135,38,0,0,0
154,193,3,0,1
191,3,0,4,2
191,95,0,3,2
18,89,4,1,1
74,93,3,2,1
13,110,3,0,1
26,93,2,1,1
15,31,2,1,1
77,99,1,0,1
29,24,1,0,1
40,143,0,0,0
29,40,3,0,1
75,82,2,3,2
7,178,3,0,1
49,72,1,0,1
55,17,0,0,0
128,153,1,0,1
41,191,2,0,1
140,187,3,0,1
197,124,0,1,2
99,144,4,0,1
119,70,0,1,2
184,97,0,2,2
146,43,0,3,2
196,68,0,3,2
89,37,0,3,2
184,128,0,1,2
126,137,4,0,1
54,189,5,0,1
85,67,1,4,2
25,77,2,0,1
93,8,0,1,2
47,188,2,0,1
126,186,0,0,0
115,167,1,1,0
193,37,0,6,2
101,101,2,0,1
191,108,0,2,2
117,198,2,0,1
55,105,2,0,1
179,193,1,1,0
23,149,2,0,1
24,47,1,2,2
111,146,0,0,0
135,140,1,2,2
83,188,2,0,1
125,36,2,1,1
67,46,2,0,1
176,138,0,1,2
137,64,0,3,2
23,58,1,0,1
106,21,0,3,2
51,85,3,0,1
112,109,1,3,2
103,63,1,0,1
122,84,0,5,2
78,187,7,0,1
99,74,1,0,1
12,52,3,0,1
17,35,2,1,1
38,175,3,0,1
143,126,0,1,2
22,39,1,0,1
19,72,3,0,1
32,175,6,0,1
163,149,3,1,1
198,20,0,2,2
187,127,0,5,2
58,185,5,0,1
119,76,0,2,2
110,100,2,0,1
76,51,1,2,2
73,18,1,2,2
141,21,0,6,2
96,152,3,0,1
151,112,1,2,2
153,151,1,0,1
167,128,1,1,0
196,166,1,0,1
101,3,0,1,2
62,135,2,0,1
158,119,0,1,2
56,39,1,1,0
52,102,3,0,1
63,53,2,2,0
80,198,2,0,1
154,53,1,3,2
18,174,4,0,1
55,74,3,1,1
1,200,7,0,1
122,103,1,0,1
186,194,5,0,1
200,98,0,1,2
110,100,0,1,2
107,67,0,0,0
37,27,3,1,1
44,130,3,0,1
173,105,0,4,2
174,64,0,0,0
2,81,3,0,1
119,76,1,4,2
123,76,2,1,1
112,37,0,3,2
3,177,7,0,1
94,91,0,4,2
73,131,0,1,2
73,15,0,1,2
26,97,3,0,1
32,169,3,0,1
161,16,0,1,2
153,158,5,0,1
120,18,1,4,2
79,131,4,1,1
84,94,0,1,2
80,101,3,1,1
90,55,1,2,2
22,1,3,0,1
173,98,1,1,0
196,3,0,2,2
30,70,0,1,2
49,24,2,3,2
18,169,5,0,1
100,113,1,0,1
99,8,0,0,0
142,17,0,0,0
148,75,1,3,2
31,126,3,0,1
178,167,0,3,2
145,31,0,1,2
13,19,1,0,1
40,164,2,0,1
101,74,0,4,2
116,93,2,0,1
152,85,0,1,2
195,198,3,2,1
50,136,3,0,1
15,32,1,1,0
71,90,0,1,2
154,200,3,0,1
124,46,1,2,2
37,132,4,0,1
116,28,0,4,2
79,95,0,0,0
44,197,4,0,1
17,76,4,0,1
78,105,1,2,2
184,53,0,3,2
93,187,3,0,1
175,70,0,2,2
96,53,0,0,0
37,99,0,0,0
152,75,0,5,2
75,72,1,2,2
115,33,0,3,2
149,133,1,1,0
107,138,2,1,1
197,140,1,1,0
149,36,0,2,2
99,8,0,0,0
107,125,2,2,0
53,117,4,0,1
120,31,0,5,2
87,179,1,1,0
136,196,2,0,1
102,132,0,1,2
175,90,0,6,2
63,164,1,0,1
117,141,0,0,0
77,82,3,1,1
95,93,1,1,0
164,119,0,3,2
174,9,0,1,2
86,32,2,2,0
190,92,0,4,2
200,67,0,3,2
94,106,2,0,1
124,97,0,3,2
73,198,2,0,1
43,137,2,0,1
140,147,2,1,1
5,42,1,0,1
69,190,4,0,1
161,27,0,1,2
41,115,3,0,1
69,137,5,0,1
167,195,3,1,1
74,102,0,2,2
80,97,2,0,1
65,104,2,0,1
178,63,1,2,2
61,14,1,2,2
110,180,4,0,1
63,152,2,0,1
189,109,0,2,2
114,65,1,1,0
80,157,4,0,1
43,103,3,1,1
180,122,1,6,2
189,84,0,4,2
70,129,4,0,1
189,69,0,1,2
68,170,3,1,1
29,159,3,1,1
141,90,0,1,2
122,173,1,1,0
190,166,0,1,2
129,121,1,3,2
27,199,2,1,1
143,182,4,0,1
101,53,1,1,0
193,63,0,5,2
30,189,4,0,1
37,25,2,0,1
2,35,0,0,0
45,30,3,0,1
144,15,0,2,2
26,17,3,1,1
92,199,3,1,1
21,96,2,0,1
35,114,5,0,1
153,8,1,5,2
89,1,0,1,2
114,30,0,3,2
62,97,4,0,1
175,65,0,3,2
17,24,1,1,0
47,8,1,4,2
160,32,0,2,2
127,59,0,3,2
162,34,0,3,2
77,157,5,0,1
9,100,1,0,1
130,83,0,3,2
83,28,3,1,1
108,186,2,0,1
159,80,0,1,2
76,170,5,0,1
149,115,2,2,0
112,45,1,3,2
147,88,0,0,0
199,110,0,2,2
90,132,1,0,1
162,185,2,0,1
155,29,0,3,2
97,61,2,2,0
109,116,3,3,0
13,75,3,0,1
76,22,0,3,2
133,47,1,6,2
22,36,4,5,2
104,57,0,2,2
197,168,0,1,2
105,73,2,1,1
22,85,2,0,1
18,127,4,0,1
113,112,0,0,0
136,148,2,0,1
16,28,1,1,0
144,130,1,0,1
44,51,4,2,1
130,190,2,0,1
90,185,5,0,1
1,189,6,0,1
31,174,4,0,1
42,157,2,0,1
172,143,0,1,2
17,45,1,1,0
7,111,2,0,1
178,131,0,2,2
100,137,5,0,1
130,89,2,1,1
71,26,0,3,2
96,53,1,2,2
136,123,1,1,0
165,43,0,3,2
44,118,6,0,1
77,175,3,0,1
36,167,2,0,1
8,46,1,2,2
37,67,1,0,1
189,18,0,3,2
145,149,1,1,0
180,138,1,3,2
3,190,3,0,1
107,103,1,1,0
90,188,2,0,1
49,110,0,0,0
193,77,0,4,2
9,149,4,0,1
75,84,3,0,1
196,17,0,2,2
24,200,0,0,0
76,69,3,0,1
59,200,2,0,1
178,62,0,4,2
198,94,0,3,2
74,4,1,2,2
192,159,1,0,1
195,38,1,6,2
139,94,1,1,0
148,139,1,1,0
175,151,1,1,0
4,37,1,1,0
172,1,0,3,2
49,49,1,1,0
25,106,4,0,1
75,190,6,0,1
78,84,3,2,1
147,76,2,4,2
162,89,0,5,2
136,108,2,1,1
10,129,4,0,1
13,88,4,0,1
14,7,1,2,2
185,37,1,2,2
180,162,1,0,1
171,163,0,1,2
91,97,1,3,2
126,56,0,1,2
89,200,6,0,1
191,42,0,4,2
34,147,0,0,0
122,63,1,3,2
160,111,4,0,1
140,26,0,4,2
165,85,0,3,2
161,199,1,1,0
94,96,1,2,2
106,177,3,0,1
178,149,0,1,2
112,134,6,0,1
109,21,0,0,0
73,57,2,2,0
54,3,2,1,1
183,31,0,3,2
187,124,2,0,1
87,112,0,1,2
142,4,0,1,2
9,41,2,1,1
26,56,4,0,1
142,121,2,0,1
177,146,2,2,0
165,111,1,2,2
43,15,1,2,2
5,68,1,0,1
126,193,1,0,1
152,3,0,2,2
141,144,1,2,2
75,86,1,0,1
6,145,2,0,1
121,150,4,2,1
191,146,2,1,1
110,168,3,0,1
158,143,1,3,2
116,126,2,3,2
63,93,2,0,1
192,157,0,1,2
195,195,4,1,1
64,6,0,3,2
71,184,3,0,1
172,22,0,3,2
25,151,4,0,1
51,198,4,0,1
74,1,1,1,0
127,144,2,0,1
118,165,6,0,1
88,4,0,3,2
22,110,2,0,1
15,180,5,0,1
9,96,6,1,1
81,102,1,1,0
109,117,2,5,2
7,153,2,0,1
51,6,0,1,2
129,35,0,3,2
185,128,1,2,2
194,94,0,1,2
172,162,2,2,0
84,104,3,4,2
70,179,2,0,1
157,54,0,1,2
104,191,4,0,1
23,76,3,0,1
50,156,3,1,1
113,131,1,0,1
175,180,1,2,2
70,51,0,5,2
85,19,1,1,0
3,171,3,0,1
136,24,0,2,2
80,132,3,1,1
62,141,3,0,1
165,178,3,1,1
131,127,0,1,2
175,142,2,1,1
65,30,1,3,2
141,132,1,0,1
140,135,4,1,1
193,166,2,0,1
25,188,3,0,1
129,115,2,2,0
186,85,0,2,2
184,93,1,3,2
51,162,2,0,1
49,106,3,0,1
200,73,0,2,2
150,49,0,2,2
184,42,0,2,2
108,111,1,1,0
197,42,0,6,2
154,41,0,3,2
178,7,0,3,2
50,160,3,0,1
25,46,2,0,1
157,132,0,1,2
185,113,1,3,2
8,16,4,2,1
186,36,0,8,2
126,71,0,5,2
197,120,0,3,2
146,52,0,4,2
64,27,0,1,2
40,138,4,0,1
143,159,4,3,1
130,111,2,3,2
10,43,4,2,1
161,84,0,2,2
128,152,2,1,1
10,98,4,0,1
55,63,2,0,1
71,111,3,0,1
188,168,1,2,2
179,166,0,0,0
148,108,2,1,1
189,85,0,3,2
82,179,4,0,1
35,39,2,0,1
11,18,4,2,1
102,56,1,0,1
60,160,6,0,1
168,140,2,2,0
159,90,3,1,1
88,158,3,0,1
172,93,1,0,1
175,191,2,0,1
133,77,1,3,2
57,114,4,0,1
116,89,2,0,1
177,158,0,1,2
156,33,0,4,2
62,115,3,0,1
198,128,0,0,0
28,111,2,0,1
182,185,2,1,1
92,92,1,0,1
44,50,0,0,0
131,39,0,5,2
106,22,0,5,2
25,51,1,1,0
102,177,3,0,1
78,183,3,0,1
44,155,2,0,1
59,199,3,0,1
168,9,0,9,2
143,119,0,0,0
171,57,0,3,2
44,123,3,0,1
115,181,2,0,1
22,100,1,1,0
164,130,3,2,1
120,127,0,2,2
24,3,0,2,2
66,82,2,1,1
24,100,4,0,1
60,175,7,0,1
160,118,1,2,2
198,105,0,3,2
43,119,1,0,1
80,181,3,0,1
161,34,0,5,2
69,70,2,1,1
194,26,0,8,2
97,139,1,0,1
42,182,2,0,1
169,45,0,6,2
106,68,0,3,2
145,177,3,1,1
91,77,3,4,2
77,77,2,1,1
57,136,3,0,1
15,155,3,0,1
107,147,2,0,1
93,67,2,2,0
66,180,7,0,1
53,19,0,1,2
154,173,3,1,1
138,158,2,0,1
140,76,0,3,2
102,96,1,2,2
40,35,3,0,1
181,2,0,3,2
184,97,1,5,2
137,23,0,1,2
136,45,1,0,1
141,132,1,1,0
32,111,4,0,1
145,139,2,2,0
115,98,1,0,1
85,147,0,1,2
37,101,2,1,1
194,196,2,0,1
140,63,0,2,2
98,65,0,2,2
116,17,0,6,2
52,161,3,0,1
99,24,1,0,1
156,38,0,2,2
1,34,3,0,1
27,75,2,0,1
155,115,1,0,1
187,156,1,1,0
76,112,1,0,1
65,145,3,0,1
156,97,0,2,2
156,47,0,3,2
150,109,1,0,1
80,118,2,0,1
132,139,2,0,1
35,142,3,1,1
189,106,1,4,2
179,10,1,5,2
24,27,4,0,1
67,17,1,4,2
32,36,1,5,2
66,92,5,0,1
29,192,2,0,1
105,141,3,1,1
156,164,4,0,1
70,168,4,0,1
16,143,3,0,1
104,2,0,0,0
50,176,2,0,1
148,198,2,0,1
34,136,5,0,1
131,16,0,3,2
91,133,1,1,0
3,188,5,0,1
50,15,1,2,2
39,23,2,3,2
147,156,1,0,1
28,114,3,1,1
65,41,1,0,1
172,54,0,3,2
158,58,0,3,2
196,62,0,3,2
84,126,2,0,1
8,59,2,0,1
5,39,2,0,1
167,116,2,1,1
18,4,3,0,1
16,150,3,0,1
35,134,5,0,1
170,126,5,2,1
186,127,0,4,2
147,69,1,2,2
5,189,6,1,1
198,153,1,1,0
173,58,1,5,2
137,51,0,2,2
88,188,4,0,1
108,192,1,0,1
39,115,1,0,1
108,102,4,0,1
110,164,4,0,1
177,92,0,4,2
10,196,4,0,1
55,79,0,1,2
65,100,1,0,1
180,61,0,0,0
96,55,0,1,2
71,72,1,0,1
90,152,1,0,1
119,104,0,1,2
88,3,0,4,2
176,71,0,3,2
61,125,3,0,1
95,134,1,1,0
2,199,6,0,1
144,41,1,0,1
45,192,4,0,1
83,200,1,0,1
172,90,0,0,0
36,8,1,2,2
21,164,3,0,1
53,94,4,0,1
136,93,1,0,1
164,87,0,2,2
9,89,2,0,1
73,145,1,0,1
19,3,3,1,1
51,40,0,1,2
54,114,3,0,1
43,160,1,0,1
156,187,3,0,1
76,17,1,1,0
160,41,1,3,2
188,137,0,1,2
102,49,2,0,1
71,27,2,0,1
38,115,3,0,1
83,138,2,0,1
131,193,4,0,1
185,118,2,4,2
125,190,2,0,1
130,18,1,0,1
82,165,8,0,1
56,140,2,0,1
184,25,0,4,2
168,190,2,0,1
129,1,0,3,2
167,77,0,6,2
6,177,6,0,1
100,163,3,0,1
13,87,0,0,0
91,186,3,0,1
159,131,1,1,0
38,81,5,0,1
161,38,1,1,0
159,54,0,4,2
68,119,2,0,1
52,30,2,3,2
103,171,3,0,1
108,10,0,4,2
158,6,0,3,2
47,152,3,0,1
117,122,0,0,0
66,152,3,0,1
118,193,3,0,1
17,47,2,0,1
132,21,0,2,2
171,107,1,2,2
154,97,0,1,2
117,81,1,2,2
133,141,0,2,2
121,182,3,0,1
102,186,3,0,1
121,200,3,0,1
76,29,2,1,1
34,184,2,1,1
78,22,0,3,2
65,42,3,1,1
34,28,0,1,2
24,125,1,1,0
22,135,1,0,1
1,112,4,0,1
150,112,1,4,2
120,98,0,2,2
122,100,2,1,1
8,41,1,1,0
57,26,1,1,0
164,194,2,0,1
173,1,0,6,2
188,149,0,4,2
22,200,2,0,1
167,99,1,1,0
18,148,4,1,1
113,48,2,3,2
58,12,0,1,2
61,191,2,0,1
84,74,0,0,0
126,178,2,0,1
129,36,0,3,2
161,67,1,1,0
187,168,1,1,0
138,4,0,0,0
155,30,0,5,2
49,78,3,0,1
6,66,1,0,1
150,51,0,3,2
78,23,0,2,2
150,131,2,1,1
27,68,5,0,1
159,89,2,0,1
155,172,1,0,1
36,166,5,0,1
8,182,3,0,1
97,2,0,6,2
151,62,0,1,2
140,199,3,0,1
101,46,0,3,2
135,181,3,0,1
128,141,2,2,0
195,99,0,4,2
145,125,2,2,0
14,77,2,0,1
182,43,0,6,2
164,66,0,2,2
127,74,0,3,2
183,7,0,1,2
73,114,1,1,0
157,21,0,3,2
24,13,2,0,1
56,174,7,0,1
25,87,3,1,1
134,110,3,1,1
148,52,0,2,2
157,164,5,2,1
130,144,1,0,1
72,189,2,0,1
57,110,5,1,1
192,162,1,0,1
132,50,0,2,2
148,175,0,0,0
138,115,0,2,2
25,97,2,0,1
56,77,2,2,0
154,132,2,1,1
37,141,3,0,1
19,93,2,0,1
64,108,2,0,1
116,145,2,1,1
136,3,1,3,2
21,155,5,0,1
61,34,4,2,1
198,5,0,2,2
40,124,0,1,2
132,93,2,2,0
137,153,1,1,0
186,74,0,3,2
49,84,2,0,1
136,59,1,0,1
105,172,2,0,1
27,137,3,0,1
94,193,7,0,1
168,142,1,1,0
79,176,4,1,1
117,156,2,0,1
21,172,2,0,1
144,83,1,1,0
9,152,9,1,1
6,11,2,1,1
23,145,5,0,1
147,67,0,3,2
183,35,1,6,2
41,101,2,0,1
94,90,1,0,1
64,95,1,0,1
81,92,3,0,1
14,121,1,0,1
135,92,0,1,2
182,128,1,3,2
36,94,3,0,1
87,156,1,0,1
106,140,3,1,1
6,179,3,0,1
145,96,2,4,2
151,71,1,0,1
28,47,3,1,1
156,149,1,1,0
62,193,1,0,1
29,189,5,0,1
153,101,0,1,2
16,2,1,2,2
197,56,1,6,2
8,91,2,0,1
5,41,4,0,1
156,114,1,2,2
188,102,0,1,2
167,56,0,5,2
177,65,0,6,2
53,43,2,0,1
54,197,3,0,1
18,42,2,1,1
25,92,2,1,1
149,7,0,5,2
13,117,1,0,1
131,77,1,2,2
191,93,0,2,2
195,155,1,3,2
119,25,0,2,2
179,76,0,5,2
68,113,2,1,1
101,100,1,0,1
131,121,0,0,0
47,54,0,1,2
92,6,2,1,1
192,195,2,1,1
32,48,0,0,0
118,29,0,0,0
121,42,0,1,2
109,117,2,0,1
132,112,0,1,2
160,84,0,2,2
23,160,4,0,1
171,180,3,0,1
37,53,2,0,1
82,147,5,0,1
141,30,0,2,2
198,154,2,2,0
73,199,3,0,1
151,181,0,1,2
181,162,1,0,1
40,1,0,2,2
121,127,2,1,1
134,132,0,2,2
56,153,2,1,1
28,185,3,1,1
41,97,0,0,0
143,66,2,1,1
55,60,3,0,1
5,84,3,0,1
103,198,4,1,1
2,114,0,0,0
86,6,0,0,0
156,25,0,7,2
20,149,5,0,1
159,181,1,0,1
79,67,1,1,0
110,37,0,3,2
166,160,1,0,1
137,79,1,0,1
67,128,4,0,1
12,163,1,0,1
71,75,0,0,0
123,30,0,3,2
188,96,0,0,0
57,55,4,0,1
77,193,0,0,0
82,22,0,1,2
177,152,0,3,2
133,184,5,0,1
83,163,3,0,1
132,137,1,2,2
175,127,1,2,2
42,138,6,0,1
4,34,1,0,1
117,162,2,0,1
58,40,1,0,1
62,120,2,1,1
125,188,4,0,1
20,117,5,0,1
151,74,0,2,2
121,121,0,0,0
160,63,0,4,2
156,63,0,3,2
91,164,4,0,1
87,192,2,0,1
88,193,2,0,1
84,7,0,3,2
105,110,2,2,0
18,199,2,1,1
62,184,5,0,1
72,91,2,1,1
37,36,0,1,2
123,177,5,0,1
139,150,2,0,1
166,176,6,1,1
89,87,1,2,2
84,110,2,0,1
45,72,1,1,0
125,193,2,0,1
77,155,2,0,1
87,42,2,2,0
9,139,7,0,1
36,125,4,0,1
158,1,0,6,2
129,77,0,2,2
140,131,2,0,1
4,53,1,0,1
5,119,3,0,1
112,54,1,2,2
47,72,2,0,1
178,143,0,2,2
171,104,0,2,2
112,174,0,0,0
137,29,0,2,2
157,1,0,2,2
200,108,0,3,2
105,57,0,5,2
148,65,0,1,2
127,91,0,4,2
178,112,0,3,2
55,154,2,0,1
161,125,1,3,2
125,17,0,1,2
70,77,5,1,1
140,25,0,4,2
188,157,1,1,0
98,89,2,1,1
39,4,3,1,1
32,8,1,5,2
90,53,1,0,1
76,143,5,0,1
95,189,2,0,1
168,147,3,0,1
16,100,2,0,1
180,150,1,1,0
148,51,1,1,0
191,144,1,1,0
53,172,4,0,1
170,28,0,6,2
121,40,0,1,2
9,191,7,1,1
149,175,3,0,1
36,24,0,1,2
117,45,0,1,2
72,175,4,0,1
65,99,2,0,1
94,90,2,3,2
95,96,1,1,0
197,72,0,2,2
68,136,2,0,1
162,23,0,5,2
196,82,0,1,2
171,168,0,0,0
169,174,5,1,1
45,40,1,2,2
143,76,0,1,2
146,181,3,0,1
98,165,4,1,1
161,55,0,1,2
83,158,3,0,1
196,182,1,0,1
8,114,3,0,1
162,198,2,1,1
29,123,2,0,1
49,4,0,2,2
44,193,6,0,1
164,89,1,0,1
64,166,6,0,1
16,76,2,0,1
9,157,3,0,1
180,86,0,2,2
46,13,0,1,2
82,109,2,0,1
181,41,0,4,2
67,74,2,5,2
9,95,3,0,1
82,118,3,0,1
123,137,2,3,2
97,196,3,1,1
125,77,3,1,1
22,10,0,2,2
9,199,4,0,1
113,137,1,2,2
30,179,3,0,1
39,32,4,0,1
101,3,0,1,2
16,106,3,0,1
148,82,0,3,2
110,129,2,1,1
69,23,1,1,0
75,195,6,0,1
121,61,1,0,1
27,50,0,1,2
111,32,0,1,2
163,180,1,2,2
71,185,6,0,1
54,52,4,3,1
4,52,0,0,0
114,148,1,1,0
189,181,1,1,0
157,141,3,0,1
92,20,0,5,2
32,37,2,1,1
11,4,2,1,1
17,9,0,1,2
155,116,2,0,1
191,131,0,1,2
61,138,3,0,1
173,185,4,0,1
5,58,2,0,1
68,59,2,0,1
164,80,1,2,2
130,25,0,4,2
168,187,2,1,1
126,60,0,2,2
195,166,1,0,1
52,180,4,0,1
171,12,0,3,2
171,131,0,3,2
132,145,1,1,0
28,197,6,0,1
55,119,1,0,1
57,32,2,1,1
67,16,1,2,2
20,160,3,0,1
4,157,2,2,0
172,159,2,3,2
123,142,0,2,2
40,140,2,0,1
35,19,2,1,1
182,189,0,0,0
192,162,0,1,2
100,93,4,2,1
187,85,0,2,2
180,196,4,0,1
127,165,2,0,1
138,67,1,0,1
158,197,1,0,1
18,199,2,0,1
154,72,0,2,2
187,152,1,1,0
49,194,3,0,1
199,81,0,3,2
168,181,3,1,1
8,127,4,1,1
170,134,2,2,0
63,63,2,1,1
192,97,1,5,2
17,25,0,1,2
120,24,0,1,2
58,172,6,1,1
51,170,4,0,1
17,27,1,3,2
27,111,2,0,1
119,137,0,1,2
182,160,0,1,2
135,196,0,0,0
81,106,4,0,1
187,74,0,5,2
37,68,1,0,1
13,110,1,0,1
183,168,1,1,0
7,89,6,0,1
92,177,2,0,1
118,71,0,0,0
93,106,0,0,0
200,76,0,4,2
140,128,0,0,0
24,167,4,1,1
14,145,5,0,1
33,59,1,0,1
137,141,1,0,1
20,129,3,0,1
66,181,2,0,1
160,83,1,2,2
52,115,3,0,1
55,2,0,1,2
127,178,2,1,1
152,35,0,3,2
34,195,7,0,1
102,52,0,2,2
121,93,1,4,2
114,130,3,1,1
10,57,3,1,1
125,131,3,2,1
34,186,2,0,1
48,66,4,0,1
49,104,3,0,1
165,138,2,2,0
65,37,1,7,2
126,25,0,3,2
6,180,2,0,1
149,16,0,4,2
112,96,1,2,2
196,140,0,3,2
143,161,3,1,1
157,195,4,0,1
127,111,2,3,2
35,90,2,0,1
9,84,4,0,1
110,72,1,1,0
36,198,3,1,1
100,1,0,2,2
138,136,3,1,1
177,137,1,3,2
21,162,3,0,1
152,154,1,1,0
169,4,0,5,2
119,174,4,1,1
30,93,4,0,1
60,181,4,0,1
134,165,0,0,0
122,132,0,1,2
104,66,1,1,0
179,117,1,3,2
184,92,1,2,2
10,194,4,0,1
112,63,1,3,2
26,75,2,0,1
41,24,0,1,2
153,142,1,2,2
74,33,2,2,0
6,82,4,0,1
23,171,3,1,1
192,9,0,2,2
53,42,0,0,0
89,50,2,4,2
166,81,1,0,1
58,162,1,0,1
19,132,3,0,1
181,151,0,2,2
143,10,0,2,2
120,125,1,1,0
71,72,2,1,1
154,152,0,2,2
170,26,0,3,2
30,17,1,1,0
200,164,0,0,0
166,193,6,1,1
60,114,7,0,1
21,82,3,0,1
187,200,0,3,2
175,184,2,0,1
27,42,3,0,1
120,75,1,1,0
128,80,0,2,2
39,108,3,0,1
117,91,1,3,2
165,128,0,1,2
130,183,2,0,1
142,60,2,3,2
1,156,5,0,1
191,149,0,1,2
192,155,1,1,0
128,72,1,0,1
90,91,2,1,1
156,188,5,0,1
110,170,2,0,1
39,37,0,1,2
30,57,4,0,1
84,150,4,0,1
154,105,2,1,1
71,95,2,1,1
15,122,5,0,1
48,68,1,3,2
187,109,0,6,2
59,138,2,0,1
78,52,1,1,0
19,27,4,0,1
173,14,0,6,2
151,182,3,0,1
87,36,3,1,1
195,142,1,3,2
101,91,1,2,2
29,62,1,0,1
171,85,0,3,2
52,151,1,1,0
134,127,1,1,0
119,88,2,0,1
36,171,5,0,1
155,165,4,2,1
78,79,1,1,0
151,19,0,4,2
55,11,1,1,0
27,151,1,0,1
154,96,0,3,2
177,107,0,3,2
138,87,1,2,2
92,125,1,1,0
65,95,2,0,1
84,24,2,2,0
38,76,2,1,1
32,45,5,1,1
65,113,3,1,1
198,136,0,0,0
83,159,2,0,1
144,187,2,0,1
102,58,0,2,2
126,147,1,1,0
145,17,0,3,2
131,53,0,2,2
189,131,1,0,1
110,55,0,1,2
92,181,5,0,1
137,171,0,0,0
178,131,1,1,0
41,85,0,0,0
193,122,0,1,2
84,179,2,0,1
86,194,8,0,1
150,163,3,0,1
120,90,1,0,1
103,44,0,1,2
198,99,0,1,2
81,75,2,1,1
161,43,0,3,2
36,5,2,2,0
200,65,0,4,2
41,153,1,0,1
145,30,0,4,2
95,34,0,1,2
31,174,10,0,1
186,51,0,3,2
160,45,1,4,2
169,150,2,1,1
44,46,0,2,2
191,114,1,2,2
